9319,2806,5123,126886,405,4820,10852,78855
17228,4772,21838,222788,2998,10284,22428,16745988
6899,15522,6072,707163,17504,17184,14412,16772282
16761240,7663,16750299,485509,9350,22071,32391,87968
6614,7056,30726,204059,5294,10424,19034,178093
454,872,2059,79136,172,588,547,4916
1797,3116,3787,16750837,1975,1985,9372,7761
690,1395,3375,11096,1998,3446,2111,14800
11754,1139,2531,28141,1204,3199,2908,13104
1526,1482,2096,11274,750,2436,5723,20878
64574,17513,16751465,361717,16730,23644,16774078,86430
4567,984,5319,123447,1641,1903,5164,20661
8733,2919,6770,176475,2477,2311,3682,12463
5626,2683,4468,148639,2109,3895,4762,23944
16753173,26651,60695,1813452,31991,16767364,16755399,536441
5543,3433,4069,18799,2635,4711,1542,8517
1085,155,685,65243,573,728,392,7101
11128,2274,1942,86584,2367,3941,4586,16744725
2018,2162,1547,18514,2110,2631,2785,18522
1437,1460,1578,13352,1015,2186,3012,12564
8992,7972,5462,91482,7619,3311,6787,29486
14548,6447,12807,281980,6240,14627,21652,16756836
19712,9414,16763350,52427,16084,14413,27817,15363
2876,2622,1665,28424,3748,2224,3933,8342
5714,1704,4649,20017,2507,1030,2063,22222
4253,2333,12852,181260,2338,2790,4813,11689
1077,928,7475,10776,2075,3962,4665,10510
7449,3041,11599,16768566,2760,3132,10517,96358
1830,3698,6096,31487,4412,5696,1615,16766272
2487,1901,6356,28964,940,2475,911,32175
4874,967,5126,28622,606,1368,2139,7005
3595,1226,5649,23283,922,1556,8459,9415
1998,909,1588,16771005,497,1688,782,4141
3705,1056,20076,69629,1218,1299,4259,12592
9434,24086,15979,1132832,11871,15725,17855,124788
4999,10810,10721,673331,11943,29339,16029,205444
6805,3656,11921,11476,1120,4193,6614,962
2577,1143,3339,12326,2259,2653,3443,10850
10954,6927,8976,16765108,2764,24529,23797,15170
388,16777215,352,77641,16777156,253,964,1844
16745073,17736,16759448,2208004,8523,16061,6452,94264
26906,7464,16751922,504886,5233,12848,8999,97519
70249,19960,139227,1444028,25013,20739,16744491,64698
8456,23721,5998,684804,16256,16748262,16747881,756227
24616,17049,40947,935445,6751,19961,23015,110332
5445,4188,19978,724008,4355,6654,6692,93349
30642,16769407,70169,954809,18421,14803,58257,596380
4152,3104,8799,23927,432,1881,5092,16748058
760,1094,725,39082,360,1847,848,14946
5285,3876,3066,16746023,2767,3226,8511,10488
21930,3253,17518,605909,2437,4552,5212,89958
12775,30946,16753504,871509,6651,30679,16752922,320663
7875,29437,7353,1507503,8771,22355,19582,44820
83058,16768538,94214,2453585,82845,87162,16749862,930746
5729,8101,3571,983237,5329,13198,13926,80904
585,795,3692,163409,642,1390,680,10812
9532,1992,6452,78053,1466,7377,3849,13756
21679,4334,6259,437914,4688,4512,16748886,16387
18580,16745537,59566,1339535,14726,31547,16756755,1010555
1056,4767,6400,1867891,4594,7154,10409,90761
4976,147,509,28914,309,1659,5340,27071
799,456,2780,29579,436,1414,1524,11528
20760,3581,12669,125365,497,6202,7315,16744778
5244,8362,1836,201546,3303,3405,1975,16767720
10717,11072,16751933,1006165,7528,14478,16751844,137311
1838,16116,23158,1900793,17680,18009,30508,293089
1765,788,2444,25572,395,1239,1841,24374
24213,16381,16752722,1982665,13017,14398,16744629,59137
9722,4947,2845,161604,2017,2996,10638,26792
21978,19108,20243,171629,7756,28242,30931,90713
7374,5626,17325,498150,2317,4425,3137,22045
12161,9449,25890,982390,8576,21494,24962,209839
2276,1354,1232,5890,635,1527,391,2525
16747962,14470,22393,474336,9619,15689,17082,16754007
5135,2380,242,43413,909,4202,5432,16752895
6832,2474,6513,121901,2174,3703,12011,16756697
7628,1279,5349,16769031,3206,3103,2480,9543
52397,16749661,28520,226492,5298,16152,16751462,588240
8372,2345,19660,523852,3410,6058,5787,81749
13849,16747780,70633,1452694,21329,16752766,20268,39353
5152,7809,3232,251814,4323,6564,10792,16746672
6657,3680,3487,16755546,1697,3055,2392,16761264
68339,13615,16756141,1695394,16917,22274,27698,378607
16763908,16747588,51148,1116118,4157,22611,16770673,208199
8008,5272,13555,16344,1401,7666,10566,21541
8560,3041,20531,779253,2781,11988,15417,73904
2917,1186,5850,255145,2308,7810,2678,16755094
4408,3377,8760,348260,842,5216,10847,14728
76333,16757911,16752562,1354903,18120,16758428,79633,204669
2774,12216,16745691,203356,2550,25902,9326,79768
54938,16160,13491,904695,14583,21200,26156,54371
1281,1716,3027,16776378,1623,1546,5048,28491
16751122,16745789,35425,1155111,12917,20312,16759607,380489
68343,12533,16756086,533450,12660,16745945,16759089,245978
16771359,8748,21948,179349,5602,15384,12467,207962
32199,7880,16745417,795343,6640,9851,10226,16758535
90404,16750630,19169,2885901,10873,21519,48475,248528
10052,4666,7566,673702,1934,5943,6465,13255
1033,5174,16694,41616,2196,3352,8122,27293
24407,9366,20279,1946497,4499,10339,7204,16765344
15420,6183,31249,367443,10047,9463,17122,18009
10263,17846,29530,600832,13029,13496,15186,186890
28773,8540,3404,478064,13995,20204,19054,129992
16744688,13230,16745637,666750,5860,16784,15280,235520
4326,2874,3898,15162,1431,4318,7477,9313
10702,1225,2087,16751421,2905,1204,8309,16767893
1584,1088,11859,22520,1045,3532,4656,6265
2435,821,1351,16569,685,1344,1221,4294
1891,389,11821,19449,237,3711,2610,6552
1871,379,6874,8588,806,1351,814,3662
1589,822,3892,8013,209,2116,1096,2765
2276,821,2261,17761,155,984,460,6436
447,453,1857,9518,677,1088,1057,5090
746,443,2755,10777,145,1848,1247,4385
9891,2175,6994,9120,531,3480,4712,4838
16758456,6716,16753040,59458,3046,15713,9145,16767415
1125,1108,2109,10731,673,3236,1970,4364
9285,1085,19111,581647,1785,2851,2070,25255
7495,5973,7785,997666,1341,4108,3684,16757699
392,1511,7269,264891,1062,1884,1442,15394
85078,16749865,15465,1368037,16755041,72065,134855,266400
14824,6373,4817,73171,2428,3533,1238,18659
7895,7598,13913,359037,4917,7443,13058,16765588
1849,566,2604,22258,631,1386,1196,3867
1150,835,3090,16754885,1215,1663,1072,4918
7386,12483,24886,434255,8844,13147,16753239,118862
5546,1830,30886,43113,1913,8726,5486,16759907
8507,4213,9256,141088,2353,3256,11690,13916
2533,5703,2749,467492,1207,7972,21163,160326
8590,2421,5172,16769784,1037,1679,3389,16748349
16745741,3793,5677,1070607,3085,9326,12167,21691
16756027,5714,16761811,1140059,6313,6902,4675,16752123
1650,2006,1391,66850,164,1673,1030,2534
16747894,17011,96515,1281637,6759,10969,16761743,109088
8729,3444,3060,195999,692,1126,5167,16754855
7824,5342,9880,282300,2623,2280,8770,23355
29863,6995,16744734,216864,10722,19922,21771,38749
1765,2153,1591,22880,3137,4110,1974,4206
9185,3711,4750,101550,1590,8500,10507,18026
1537,1003,3618,798676,2445,2137,6905,16767177
15995,4131,17804,116445,9904,4641,4983,276362
3888,1978,8158,198277,462,5416,5364,24045
1905,701,4889,221701,477,670,1571,5305
16773539,16745194,80692,546055,26868,16773742,39949,405641
26354,4840,11915,603193,9630,16744815,16752948,91821
91,1766,656,92275,255,8720,1179,19527
26716,13075,68335,252563,2544,8481,29063,141285
2309,780,3046,75574,416,1277,2233,7922
11503,6496,23871,544110,9518,13807,20192,93145
17146,9773,11382,671595,8092,8563,11096,84773
3684,2071,7055,7418,650,2507,807,16755204
16749367,14958,16757527,646119,11315,25855,46039,158091
24446,6937,15138,554311,5835,14983,13615,51012
16751208,20405,18922,2786720,9084,12150,12517,117199
8175,2704,18035,1136312,971,4904,2145,20310
19456,1896,9876,88965,1004,5765,6821,21735
28171,8778,16746872,16768683,4921,8755,17481,55687
6422,1574,9421,510824,128,1687,3673,16755364
28465,11754,16769995,250760,8033,17976,22758,16774398
5271,1427,338,64711,2153,4459,2539,16762170
5298,1814,5168,19129,1244,2936,1002,4412
7024,4723,19551,139681,2486,1922,3784,66507
1700,733,2253,17430,140,3309,981,5035
9827,11762,11147,93307,9797,10039,4855,16755780
14617,5232,1682,16747510,4181,5545,8712,24918
3799,4502,3331,211440,5432,6499,3988,27218
22153,18739,16570,148793,11922,25587,20073,137847
16758491,14888,23650,188508,7349,13341,11679,92386
3284,951,960,19102,1246,3640,6433,7956
17851,2265,16744543,16747359,2326,2448,6995,29536
1556,1784,5782,15360,973,3486,1744,14465
23549,12809,726,308569,8871,13463,16752817,91819
7112,2588,14677,608125,2372,4970,3782,154806
3066,781,846,16748581,1226,5214,3744,10890
2073,1199,1869,16771575,1087,3704,6891,26811
9058,3919,8396,252889,3146,4072,8050,27998
16755858,6794,77580,823578,14613,12081,23212,92919
1454,2434,2067,16762668,2430,3746,9469,14308
9479,2079,1076,7620,1836,2685,4234,18742
5454,2114,1131,94886,1794,5145,2493,18335
43367,17997,16500,508177,6522,10715,18642,28935
17892,9284,9430,1187021,14760,21115,16774733,188652
20339,9998,16749160,1733035,12411,16232,16755356,284369
16100,2143,8239,52223,2481,6544,3385,28305
10143,21198,23497,589873,14581,16748247,17268,130711
3641,3223,4941,794335,2305,6491,8419,16746595
11314,1721,10962,86839,2218,5591,18030,18250
1862,247,2682,16762099,1821,2852,4079,28801
559,1316,528,15986,1025,2704,875,2378
2106,1384,1849,16773659,805,1975,1032,12252
75339,22206,10915,726952,8453,16753064,16752735,16763407
2756,2944,8059,83158,2636,4657,8626,29114
24480,10106,11069,125919,3038,16095,27670,315172
9957,5310,3999,144224,3595,4370,10096,76131
3626,3398,2893,16759533,2081,4437,6407,38578
29441,16441,16773,1745277,9934,19327,11065,16756704
29237,19349,6446,55600,4281,19815,31979,200857
10671,4409,1728,31135,1237,5829,3411,17217
3771,5383,6051,21268,1383,3389,3595,6167
5503,3833,11154,16761786,1692,6676,16745,32626
5099,6749,6281,473529,4525,5246,6317,153655
6254,12429,8607,1345327,13208,15627,18775,48949
29412,20710,17962,502990,9468,16745868,21654,85632
7784,4744,7348,16767403,2817,3487,932,23540
6536,2004,15896,131078,3138,3574,8868,16767453
18351,11076,18811,926342,6426,22778,12506,73704
14058,7213,97754,333090,4402,9116,7291,41274
5020,1394,1618,1970,753,6803,4291,2654
7057,3189,2247,2306,1625,3337,2311,5129
4275,3174,1588,22446,2628,13643,2513,4695
108921,82727,52671,1651087,13471,29766,12533,938021
16756017,7872,16749515,736886,11394,16761390,16770161,16747323
4527,3044,3079,6110,696,2150,10271,5593
2530,687,344,12339,921,3863,4709,4402
1596,1038,7064,2012,1865,5425,6883,13326
8257,5940,17219,664819,6311,20119,19655,16771900
7500,2122,4189,10524,502,2989,7505,8236
4902,2171,1004,12215,1145,3372,3175,6285
2927,3118,9364,17477,1218,8980,4628,4399
2025,2515,3552,8368,433,2141,4535,8039
1851,663,9193,3790,388,4288,2782,3548
3642,1259,413,5091,3440,3080,1327,3573
15876,4293,16047,50208,7998,14484,6782,16746483
11173,1431,11418,29244,1494,5075,8540,1963
2809,1294,3437,4835,1107,1844,3016,7661
5696,1439,3289,5670,1084,3101,3693,3328
5348,1399,1094,4132,741,3591,2410,3516
10077,2556,20282,265393,2848,4566,5563,81652
1894,1820,2765,2387,1447,4251,2399,1777
1912,871,9554,5346,569,2040,3116,8556
4659,819,3877,21589,1280,2842,3928,3516
1854,1215,1238,7113,183,2819,2346,5274
149539,16766460,149648,2135576,22068,16763516,16745877,620720
16751895,23632,56455,16775244,12826,9965,76265,74917
1026,3421,3394,20590,732,2477,4374,5634
3269,393,2744,2488,816,2039,3834,2858
2001,438,1329,8411,168,3742,1508,4250
2478,1063,3163,2392,580,1552,1764,3404
16767732,7265,23305,139335,2338,10733,14262,75829
12195,2296,11728,12544,1587,4704,5183,16766725
15233,8666,10666,18183,7291,15470,4818,16750496
2127,1789,3022,416268,1237,2746,5590,9700
3074,914,7033,153999,1883,1165,2205,18920
5234,3716,4770,10400,2178,4849,4646,11335
10042,4387,7941,454470,2058,6175,9112,76299
16763365,19490,95570,634752,11390,21433,16745547,150461
5806,2324,2881,62999,2037,3081,6291,32369
7362,6595,10188,109390,2601,4179,12044,29259
1386,4555,4238,22791,2159,3205,2362,2062
4218,1321,11355,5616,1295,2348,5400,4385
3279,1188,4519,80623,1256,3159,4109,2606
4422,2153,3327,1672,912,3291,4228,3288
3487,1531,3359,2393,782,1683,2640,1930
4005,874,4720,23477,612,1777,4822,16746288
2062,397,2421,16760928,335,984,3909,9286
1979,424,4465,2137,193,491,509,1610
5330,335,2987,8304,292,1153,1817,3583
172,1406,4052,2733,196,1068,1377,1710
22779,7056,6807,34054,5539,8139,12036,16767857
14729,2855,15015,87076,5750,7246,11265,94939
16748287,7179,2763,406931,9538,14161,16755715,113396
1978,832,6195,8821,956,3217,5803,1667
3454,872,1096,5335,1278,991,2052,15697
3832,2356,3730,4454,1625,2024,2734,10480
3458,1055,9334,495,441,2825,1706,1408
271,972,1925,12179,2587,3678,1357,6045
7589,7534,5397,214994,3584,19770,8651,8213
4877,936,3602,2691,1004,3406,2582,1405
2156,1585,6026,815,678,3136,3219,4866
1625,2125,1325,2813,1071,1849,1529,4267
2915,2516,1936,5835,2210,3073,1575,7229
15193,438,3015,2849,670,1743,1194,3212
2697,2630,11134,6737,722,533,1166,1385
1131,353,1504,1750,1888,4538,785,647
2041,1427,3016,1718,1900,2331,2208,3079
5099,8231,14794,375518,7586,16545,21869,16758790
25999,10129,6612,83356,10493,14277,17543,47273
17953,15865,19285,1005400,7186,15453,21620,160537
1140,947,938,5766,1580,1614,2133,2188
4819,2116,904,11139,2229,2812,6427,19046
2971,1573,3689,10074,3138,6410,9063,3575
2747,1422,4799,4915,2576,3266,6599,10099
9803,13855,5835,16768861,6761,29854,9655,21853
7371,3313,1610,4980,1156,8883,6830,12886
6220,2000,1976,677,3258,2361,2347,2884
1770,1986,7381,1799,1946,2708,1536,3930
8111,1973,648,1403,1171,8515,3677,2161
2305,1155,349,3224,980,3667,5010,5259
5172,2796,1583,825,3795,2749,1402,7971
651,1272,8237,3347,2342,3338,1610,1983
4928,4813,825,3859,2157,5631,2477,4898
1645,1131,1856,9315,2097,1483,6961,7490
1742,3867,2904,7011,845,3291,4936,3332
1842,247,1801,67366,338,241,454,7352
1210,1549,2618,903,966,1780,2022,1794
5691,3806,5633,16776739,1235,6220,9311,21727
3145,2226,1968,588,3982,5407,4074,5623
2708,3096,1000,3633,2737,1996,5329,3505
3628,3495,3946,4752,3179,5730,4236,1345
2845,456,538,5010,1585,4865,2649,7055
5581,1861,3715,5180,475,4036,5074,1395
795,404,3523,5573,2306,2436,1846,1609
1035,4051,2343,2049,1545,4450,4235,2978
1433,3461,607,2650,1286,3838,2393,1302
1442,2903,9133,19383,3049,4675,1723,7407
2774,2281,1122,11078,1503,5063,2033,5095
3631,2146,3847,5048,1361,7149,2423,4722
2984,2850,2965,4198,3590,8517,3670,7707
1813,1449,2431,9336,1495,5035,1665,1464
1275,2699,2711,2341,1176,2722,5170,2391
10690,1844,15371,20815,2079,3206,15631,25743
1253,2777,4031,1542,2089,3585,5785,5246
489,1324,4552,2188,3495,3968,1915,9486
3636,1849,2556,3485,2164,3932,1573,4639
3400,1771,1707,2127,1503,2667,1263,1387
4801,1440,1748,295,2131,5336,3113,4360
3329,1362,1696,17620,2957,3032,2573,2867
7033,1136,3127,2943,1583,1406,1867,2299
817,1755,16777101,6968,2065,2364,1155,2491
6362,2141,3285,85844,2478,7091,3571,23061
1895,3116,628,2917,1474,4157,7845,3166
1509,2364,3139,2578,2054,3097,4418,4456
114,1805,564,88496,2167,3158,1831,17871
1153,1737,958,3569,1624,1944,1700,4031
3521,2045,3564,3879,1201,2737,2306,1073
3968,3860,3001,2655,2075,5457,2402,1952
4509,8623,1664,365977,4061,16503,6687,16776067
1532,2959,5897,6275,1160,2750,4190,9866
2155,4808,4406,1547,1982,8416,3298,1047
16766162,12987,16749975,797250,22341,15061,9015,82249
1639,5800,7778,5110,1788,2684,4803,4497
3265,3482,5412,96006,1712,3477,2308,16761801
2824,3630,3461,1730,1309,7891,10100,1914
3850,3675,1619,4367,2252,2795,3925,7135
3757,2164,2785,3879,2049,2623,2404,5146
7754,1229,14834,5258,3433,5305,8920,1919
6093,5094,12027,3784,4060,5784,5244,17671
1591,3947,8554,2722,4182,7341,2071,5234
5469,3960,4537,16749754,2386,3265,4672,16746875
23021,12696,25887,676179,12282,17128,5295,16759466
3182,2080,5866,7189,2245,15046,1656,1879
942,624,4837,77297,353,694,463,4106
682,4381,487,2784,2750,5194,4191,4261
11669,1411,2992,72128,1834,8770,6997,10367
4311,2956,2835,727,1754,6599,651,4935
1952,3928,2608,12333,1008,11937,5381,4165
2672,2318,932,8615,3651,4453,4795,6029
4517,4818,4690,17276,1075,2219,5519,9759
6899,2501,781,6792,1130,9466,11297,5657
3371,1045,783,4968,1553,3394,3443,2852
5568,12644,9389,290475,5998,14568,7041,16765378
8074,1469,5828,16767064,1984,3712,9338,22237
1492,2853,7642,2171,1289,4917,3852,586
2758,2074,9509,5317,1442,7156,6008,10154
4228,1274,797,3187,1949,3335,2948,4114
4045,1216,5055,30599,3139,2549,603,10021
3040,3298,969,663,2892,3171,1636,5789
4086,10296,7827,599485,9430,18303,12957,11180
979,1942,4203,4384,2350,4485,2732,6541
2342,690,116,2491,3383,4081,1302,5552
2707,4004,16777123,2303,4161,2723,4037,2148
2020,1765,5015,3067,3413,3733,1536,1843
1909,2495,2222,1771,3133,6500,1124,7564
10003,2515,5167,16764963,4852,6264,3807,16765334
943,1200,7801,1656,2702,3455,1929,2186
1192,4702,4270,5150,3627,3855,2005,3192
1455,962,4072,5883,2351,6265,4984,4672
1906,1664,2818,2756,701,4016,2215,2393
564,2565,1064,4134,3496,4310,3078,3191
3277,1509,3994,814,4542,4519,2185,3998
1599,2403,5694,3657,2640,1954,1862,4368
1300,1685,434,3322,2418,2415,4640,4852
3303,2191,2621,463,2296,5781,6837,4783
2648,2062,3593,1500,3149,4532,714,2092
3928,2513,1041,1219,1020,3572,1390,3240
433,2778,1342,2431,1467,5367,1004,4269
2542,1166,5665,2876,2945,692,1534,2409
617,2133,4466,4230,1837,2427,1514,3651
1238,2408,4065,3346,4797,3377,1827,703
3979,1440,1703,1587,2503,3234,892,3711
1270,2872,705,3540,5718,11403,2066,2346
560,1224,1404,3358,2047,2280,1322,12225
5327,2105,2114,2157,5201,3573,1722,1942
2862,1912,1947,13347,2112,3673,1701,4073
7405,1303,1105,8591,3213,8357,3609,3596
4786,3646,4107,13417,1395,2186,744,3364
2024,1758,764,594,2029,5206,1962,1106
2337,2732,3010,16750528,2105,3260,996,9066
2260,456,1275,136608,2388,7253,5335,8074
7234,1850,2422,2361,3956,4195,2140,9362
1537,1920,9544,1265,4842,3375,5043,5269
4082,1532,2641,1829,3626,4696,2495,2471
3481,1544,4230,2880,1586,4554,3181,3976
3523,995,10000,3551,3068,7295,5634,3095
1860,971,2133,4117,2563,4272,1767,8041
4694,3710,7658,12072,2494,4586,8773,3983
1837,2381,637,3121,1946,2245,3305,6523
677,3241,6461,7325,1170,3408,4467,3490
2052,2611,1978,8559,2147,4087,8460,9368
5510,1533,197,19609,1750,2907,6253,21233
3384,2528,10004,2427,4387,4356,2606,4868
16748054,5481,19880,128115,8690,8352,6527,26511
4919,2609,4336,19310,1998,3188,708,14243
19833,7051,11114,208704,12407,6912,15153,16765128
1373,1310,3624,10536,639,2082,6480,7314
4460,11567,6499,488545,11280,18690,13750,16747543
1778,1725,3223,5066,3037,6525,4940,9249
1228,1765,2254,2758,2325,2568,1163,2743
7097,3182,3121,4095,1755,5490,3259,14084
3159,1758,3556,1228,3311,5752,1289,3402
2014,926,7111,1620,5924,3005,4571,6847
4148,802,1515,10730,2663,2553,1193,2453
2831,6796,28113,597300,7027,18802,6879,38723
3126,1390,4917,1037,937,3495,2267,2191
8809,2580,1558,2965,2324,5410,1504,1189
3136,1584,1762,579,1621,3837,5404,6044
5249,1142,1916,2658,4360,4003,1255,2402
2703,987,3033,2527,2861,5679,1073,5587
1981,1866,412,2970,2214,5654,2446,6244
6586,2144,2705,891,1959,2489,1047,6530
707,664,16777207,2021,2643,4425,5183,2702
14174,6035,16765843,542335,17172,24669,16813,16748744
3711,2441,12309,91597,3992,6211,2171,8183
3873,2638,2669,39179,1132,7006,2682,16753453
1251,1592,2689,4586,2504,2745,1602,11050
2039,2157,3953,7862,1502,3429,2152,5200
5306,1958,2572,30213,1396,5245,5265,21073
2569,1618,3968,10097,1833,4125,2852,10396
1385,1884,1772,2270,3889,4677,1337,8068
1076,1152,2144,47844,2135,4158,2967,11122
2752,2260,11584,16757388,1217,5010,1708,16748956
4437,1537,2008,75366,1337,2465,1441,19903
2941,2054,440,2826,1487,5055,5692,5778
2197,985,7915,2905,632,3680,7714,7817
1946,1890,159,1946,1574,2751,4897,3316
6216,936,5566,16859,844,2948,732,12127
16762677,8088,22266,16746934,5713,7858,9766,16772033
5227,1817,2948,92667,1357,2996,4307,16745006
2056,1549,1615,132749,426,2284,4143,10744
5511,2120,20129,16776258,974,1378,13540,16757047
27632,5757,16769712,1459337,4843,7446,18658,156443
8370,1456,1439,4095,446,906,5453,6182
4887,1757,2654,6396,1130,1802,2536,6806
5938,1392,3514,22904,410,2251,5949,14680
1155,4654,1596,11494,1702,1930,3901,27562
6132,928,1069,164341,1131,1672,3950,10127
8486,4072,4412,16764606,1754,3277,4639,22501
22951,13324,16758332,1060013,22985,18577,16753614,128414
14076,7665,16764775,147364,8985,20128,9793,16760856
3522,1493,3284,12324,1677,4301,1825,6203
4804,725,2566,14575,834,2957,4236,29370
1097,2229,4791,16763550,5391,7924,5353,11124
2681,2892,4303,14747,921,2881,2156,8517
803,1012,1641,5401,1727,2750,355,4942
2908,3090,943,2442,1996,2332,4046,1344
3278,2130,6393,2483,1829,3462,1570,3569
2571,1236,5358,7215,1513,3892,2741,6076
6982,711,4311,24243,1509,2499,4182,16754229
5207,1585,81,8726,187,1217,2654,9404
3069,915,4902,3315,1013,1071,1889,4129
208,16777182,894,16761076,307,215,1553,7897
10288,8220,8517,268666,4727,10849,27647,28422
3172,2718,15888,16772504,1197,5642,6065,15008
6667,1905,6708,16748198,3417,3024,24100,16755678
6201,1035,312,212087,1828,423,503,8722
884,1683,2428,9728,1123,1731,2283,6831
16763352,6730,146716,437798,5141,14899,24339,227459
2879,410,1457,3576,440,3125,3081,2150
1623,1070,16777179,8706,576,1816,1532,5020
1900,615,1367,7616,1184,4039,3643,4853
1764,652,3789,8088,1121,2873,5086,3961
5094,1399,4332,10726,1092,2629,4501,13718
3156,397,794,14826,632,2083,1944,10673
480,1300,4214,1600,741,3122,1050,9483
987,672,867,5530,547,1717,3049,4863
2087,1215,3697,2006,1154,2869,4188,7719
641,714,1806,2113,734,1191,2945,20733
798,476,698,9843,946,1969,4435,8088
4877,1345,966,3791,233,4394,4386,865
4032,2638,2435,8898,2246,2813,1684,12202
1809,552,1131,10063,220,1708,1379,2653
5913,2125,10193,93648,481,5069,3895,16749132
19031,8018,18786,618595,3731,10333,17991,125801
1912,1036,1074,3023,881,2197,509,1966
8964,1222,5240,5647,705,2128,2022,2358
4111,850,3430,5300,1768,2027,2097,6963
10567,1090,2800,116833,969,3455,5014,17466
7065,1243,5902,2559,1355,3295,11054,8421
2757,983,4620,16279,1302,3042,6974,3886
1881,3011,4240,385487,657,3020,17213,16746338
2586,1577,3332,3059,1392,1638,4777,2122
3114,1654,1582,1823,990,2341,7897,4756
2108,1101,1872,3040,1326,5344,1764,3944
3150,1419,2330,5687,688,1538,9806,360
8402,1567,83,3582,721,2271,1304,1260
3973,1710,301,3616,787,2370,5000,9390
6762,1437,4277,667,883,1753,3209,3746
8687,1559,4017,2788,1578,2277,4143,13649
2112,2255,2488,8900,915,3706,4759,4390
3319,967,1392,1216,589,4468,3579,10370
6984,2688,324,10321,671,2011,4548,4244
5566,993,2615,579,850,1571,6345,4844
6097,1197,6782,16750934,916,2954,10472,10261
16764444,7382,24231,1231097,4887,17627,16769546,53112
9079,1479,4704,10222,1095,2253,8185,7533
4730,1048,1960,9457,1092,968,5286,2129
8294,1642,230,7611,1428,1818,3981,1677
1809,1504,1485,11533,653,3220,4734,5196
3077,1166,4262,5835,1468,4047,6196,2423
7372,2241,1097,5454,376,2733,4484,5696
7971,2346,5343,8734,657,3406,3651,14192
11464,4241,2687,10812,1172,6386,6399,20963
3186,2966,3250,4237,2132,2459,17238,7272
3423,2675,602,6127,683,5197,13710,5032
6611,1076,2328,3068,836,2133,6669,1926
2053,190,762,20879,16777187,1818,3369,5051
6968,647,5632,7879,1124,5072,7360,3000
3449,356,864,222921,585,500,1192,30221
29013,13641,20915,1182429,22715,26115,16155,124495
5935,2413,4938,102253,1126,6577,10650,17086
5321,1860,1619,8569,2075,1366,5294,12026
2182,2629,717,11333,398,1582,4088,4094
13263,3406,3945,7779,1625,4171,5710,4900
4400,11098,16396,16754307,10475,17638,97248,16748840
1969,2942,4649,19263,2143,2283,22040,8648
16171,1953,4454,19523,1135,3306,1731,21311
11631,2498,6797,29552,4486,2706,10988,16053
5762,713,2631,3852,2439,1682,5096,15198
4118,2329,16777158,10949,1266,3693,2958,11999
5386,3154,770,7873,972,941,15115,8821
11022,2049,528,1005,2612,2348,2122,6275
489,593,336,74986,381,214,999,802
3776,4472,2188,3991,2368,2375,20670,7612
2270,3468,944,17083,2018,3250,12940,6980
3848,16777197,1389,210553,232,412,4138,950
10790,2965,4243,706739,2586,2385,10420,20555
7496,2021,13108,89117,2090,2866,5409,26150
9844,3668,4857,183904,2089,4716,4270,16772659
12596,3090,11081,23615,1665,6138,13735,16760011
20302,7571,16754705,264751,8272,15450,16752257,78714
27252,7572,3739,16758608,15788,10590,23603,10376
10936,3911,4860,4256,1806,4654,8760,13262
16751568,11438,16744809,503018,5296,13560,11224,16952
8245,2938,8192,16761911,1130,3078,4713,26625
16766621,15588,27307,1132467,12947,16744655,16757013,165957
7450,2535,6009,162439,1239,4018,13401,70657
1994,3179,5637,4720,1570,8842,4821,5196
7508,1819,7772,163100,762,2042,5408,7455
3969,826,13308,7867,3713,3869,5726,15977
23368,6436,15712,32432,8866,15720,15319,19592
2056,2418,1447,11475,1087,2074,5464,10728
8026,4367,8232,1180,881,7520,3047,1792
2771,552,3269,23105,325,693,460,13357
15122,4291,3047,971,2786,7784,9161,5878
4662,2245,2231,2779,1659,2699,2382,9722
20967,2406,1958,117861,2448,3992,1480,16746137
10692,936,2188,38657,2162,3640,10177,16745311
4822,2567,6623,16746344,3044,6998,8894,7590
4186,2123,509,8011,978,4881,6493,923
32114,6404,20482,329439,3312,28795,13062,156949
9474,10530,22708,325506,5221,7997,10408,16757576
16745233,2862,16745918,655993,9173,13354,16745375,16749642
11096,1716,9890,334452,2482,5215,3998,16750910
11516,4216,1257,1589,1389,2589,5438,2478
7755,2387,1328,5240,2532,5904,15864,10344
6423,1265,1845,20897,1215,2483,2990,7379
1800,1253,2817,8086,2327,2764,7350,6019
7412,5219,1444,5522,1988,6442,11174,1966
4465,2160,17362,25922,3410,4124,5885,16022
17900,3543,6339,15328,2772,2711,3224,10538
11239,1643,6363,2371,1677,7972,3098,7625
6898,1657,4720,21817,1222,3508,2692,14089
22495,14187,10790,16750829,7875,23594,4975,21275
16674,2179,6464,16769537,3771,2895,4591,67007
9820,3723,2923,1435,3194,5111,7934,1311
5055,4677,5150,4961,2545,2534,14668,4926
8089,4488,4008,85417,1624,6923,4221,18492
7587,727,223,10625,1873,3607,2168,4473
16748398,16763492,9228,290578,26214,21443,45352,208246
5446,21902,16768772,1175805,8375,19663,17815,16776415
1951,5867,10757,271580,2035,2785,16746039,16750871
994,3229,2279,129136,2034,1135,2209,26008
62456,20159,6707,414101,7880,23908,11152,143359
62015,26556,16407,920201,20075,22443,23300,264027
25370,1871,9610,5472,1979,4076,4152,10917
13088,3369,21569,195196,2636,7532,7843,72725
5313,9163,5662,1874809,4986,5725,16451,71051
11984,6851,4597,404521,10614,3931,2881,92928
6569,6668,1877,8395,8149,8502,3585,6264
2675,1249,2352,16751712,469,2275,1248,6145
7994,1655,2591,685615,2913,9596,5145,16771464
16752002,12450,16766027,601318,16806,24598,16769693,16756540
18758,6444,16762804,1094763,3900,25608,16748412,56084
7309,1125,1455,14357,934,2142,3865,5786
10171,1999,1640,7576,1769,2676,9724,4051
1631,1010,3047,3167,1131,1206,3785,8933
635,2661,2292,13936,2332,3038,4412,4273
7599,1776,688,6185,1367,1876,3035,5196
13538,5942,19924,435572,4144,7130,6704,19234
7084,414,5490,6058,132,2822,4143,1514
16744453,8306,9732,84555,1740,13371,18721,29120
7166,992,2162,3096,652,1135,2037,10189
8141,928,8631,2518,1516,2608,3174,4161
1776,904,763,1054,699,2421,1169,5981
3912,631,3131,1687,650,3857,5188,4585
2859,1011,2245,1557,985,2143,2104,7302
1885,1201,1816,36615,439,1614,1334,4967
2884,1155,3040,18876,392,5425,4070,25181
22105,4401,16751761,35714,1346,6147,21306,81670
14485,4395,16747623,88294,2630,8689,7626,25831
4843,1528,2058,4613,683,2594,1628,3252
2475,904,2903,4942,614,2510,5427,2947
4680,1958,2116,2816,1333,1959,952,2803
2477,801,922,15870,945,2352,1923,11775
9692,1132,3582,5115,1196,2191,6920,6176
4682,8516,12217,854994,2543,14444,8075,44675
32229,13291,23438,16771534,7877,9115,12708,18161
8672,3541,12421,16747972,677,2830,2613,31540
32432,9728,28947,242199,10823,10715,24931,52931
8320,2364,8640,110838,850,4176,4777,43086
6339,3278,9571,512220,1310,4328,9450,20983
3641,2325,21930,47323,1118,3409,6967,27350
5677,1143,2537,20039,185,1175,1085,3257
6900,654,2913,3178,1357,1818,2547,2480
16752476,11692,94602,2342807,26456,29728,16767982,94343
9651,29504,21041,343617,17138,32348,20661,36571
24061,16746804,3895,394533,10090,14297,24431,90929
1250,1175,4544,173838,1782,2987,13869,16754142
1505,1092,1412,23683,171,1560,847,5290
16557,10551,20846,370367,2467,8241,16761867,16755512
1436,230,1222,26191,354,680,424,11595
24318,15054,13895,496942,9375,18910,7798,37006
1817,4305,8966,16768001,905,3426,5470,12275
2115,972,16777193,7681,694,3314,1836,13474
5175,647,145,11175,791,1890,1425,9447
6430,9964,20225,536746,6009,20269,16770166,143954
5083,989,1471,132881,898,8051,1042,7250
4042,157,6412,7386,618,1011,2819,1727
16748219,23225,78545,1800496,17754,16749618,16768724,474221
16749731,12972,18686,16744848,9315,15542,10748,65582
4827,1594,6416,39237,659,1239,2445,16749945
1247,1379,10194,108207,860,3110,3041,23682
2945,1098,19733,176710,1641,2183,2170,23254
27634,3814,16752150,891862,5191,15644,24863,203420
86183,10842,62043,905862,14284,13429,16753620,129630
7779,2615,16777146,16774928,1323,3035,1220,28962
1644,2095,1760,161471,2069,2120,5039,31107
22366,7310,21390,240929,3071,18522,14116,38806
4124,1931,109,52872,872,2689,3869,4029
1815,1821,6805,16755638,1395,2753,4110,29667
6669,2662,624,18272,1539,2180,4450,11553
3045,675,15385,19671,1313,2298,1667,18005
2591,1975,6177,5782,793,2319,2221,2624
1261,1626,1929,8297,878,4697,2703,3884
1116,1217,1347,1325,843,4904,2395,5611
2090,2131,874,1085,531,3021,1868,7007
1684,2581,4109,7580,655,3849,1681,6431
12216,1140,3883,16754315,1072,3651,5497,16752818
5986,2749,21516,16776870,3604,5203,7570,16755597
2772,1111,8153,139966,643,3957,6696,16752665
4895,2693,20266,27192,1007,3664,5436,26653
15078,8490,15095,975691,12629,11175,14320,65610
5868,4326,3651,16760925,6585,7760,3140,13202
7704,2256,1583,9176,1772,9452,10540,16662
13479,22620,7676,691414,12781,16746709,28222,16758135
6229,8597,4713,17423,5083,9646,5207,4858
5591,4328,4066,1100,3385,4791,6078,2692
2961,4597,3026,4859,3627,3149,7659,3322
3226,2955,1617,5948,4502,2834,3735,6357
53222,16767753,152399,617675,72488,16746670,15266,490039
18321,16748716,16749381,1529940,16761595,29603,61110,49210
12150,16745639,16765263,1127540,16756909,29061,16768339,761269
9552,2844,14285,16754597,4525,3938,9807,16748046
2754,790,2441,69137,434,894,2612,18128
7767,5148,3409,16764321,1592,7841,15269,14051
11331,4733,2714,221683,3122,9000,2870,23306
15199,12980,16763396,165995,11564,16752890,30412,34563
7751,1332,6648,31353,3259,3496,6997,15037
12398,5829,16744,260500,6669,11783,10932,54877
22909,16744408,16748216,1399042,14852,19031,9826,36526
92016,16744535,91471,2367529,16770855,16772171,16755685,169695
143,990,636,49807,1076,2514,1488,23628
837,949,848,16762198,406,1099,1311,24305
7252,5409,16717,593163,8436,18378,16475,84352
1568,2002,407,9634,1108,4588,1511,4162
1980,1734,4290,1780,1210,2493,1558,7690
4654,1645,6401,1727,2298,3796,985,16616
5478,1435,4479,7349,1167,4308,6808,11529
6271,2062,2710,12631,2611,4033,2149,5742
9271,2214,825,3707,479,3080,2821,3006
4548,2220,13817,122766,2148,4270,4291,20764
15298,7756,16240,52393,9851,16752112,16752504,16748731
16759689,1976,6050,4173,231,4257,6072,4039
12872,2736,2410,4135,1640,2691,992,8288
32582,924,10224,31679,921,2840,1551,12874
9043,3944,16826,16748014,1448,4992,8549,15471
11969,5572,4831,324969,4247,16581,13477,28604
13718,3106,10977,16748148,1220,9998,8353,27248
6808,538,3521,8701,461,2188,1605,6171
15360,2159,4590,88570,880,5050,2766,8134
4139,846,25269,1222939,402,3177,7329,16750127
941,16777165,1549,16757519,112,382,1128,10485
908,258,925,16747904,355,420,1684,6739
17293,5479,4856,76441,1529,7306,4348,25450
16749429,4311,7033,9150,1614,4363,8710,14474
11105,6980,31865,30311,3906,9011,9491,24454
9548,509,2486,5592,532,2468,2629,5820
3561,1200,1301,7284,406,3869,2565,3009
15940,3126,16751794,26252,1308,5984,10980,13326
1183,823,3083,9159,635,1523,4439,9598
27138,4352,17629,16772809,3705,8361,10642,18466
25369,4427,24727,73000,3683,11014,9087,25217
1992,377,3957,401474,374,1358,2118,9306
7143,812,2387,274185,634,1156,1476,17399
16747216,3931,12646,310810,1200,11781,5883,5612
872,2016,1570,83789,683,2409,3896,21833
9339,4372,17775,16769952,2540,7730,8728,14089
13236,7011,17786,13209,2509,12404,8485,21411
11008,4970,21010,16760183,1769,11771,7039,7412
1737,1361,10060,21351,598,2526,1468,6775
16749694,5109,89075,2794120,3692,23020,11277,357700
9284,695,8609,1302350,976,6238,12411,16752680
6793,642,4738,15342,345,2791,1229,9109
15999,158,8067,21880,182,2079,1572,29877
16747998,8360,30949,894664,5588,16756093,30829,116110
20775,4508,5406,16771245,2709,5502,7508,41734
5152,6284,23034,595071,2104,9417,25304,16769967
20163,4186,16747412,213599,2197,17410,19808,16748549
1870,1116,4922,4036,469,2067,1812,3515
8219,391,1742,10154,512,3934,4382,6679
6428,575,2968,1885,1272,2476,2012,5135
3140,189,2922,1295,588,959,2147,2672
1075,1296,4761,4144,816,1777,1172,11722
3769,643,2098,1897,564,4397,4645,4209
4969,838,1352,4381,782,3238,2701,5445
2525,350,9833,2296,179,2937,642,3783
3165,1055,593,4053,392,1809,1965,1545
1966,576,702,1313,493,2210,2147,5282
7056,451,1320,9183,568,1355,2677,3527
2327,643,2419,4269,412,3332,1490,4240
4069,891,4514,13326,1134,1761,1507,3763
1293,552,990,2460,1036,3165,2117,1339
5275,970,7684,11285,740,3321,4107,6104
5364,1118,10752,14359,879,2388,1972,5976
4286,1381,2850,6575,970,2537,6326,7717
5395,1347,13159,25273,2101,4407,1436,5228
1461,482,5287,13773,16777142,2278,3407,9941
6492,1816,2460,10056,388,916,1815,2020
2872,1050,2431,985,383,1803,848,5362
5128,466,4071,2916,595,1013,981,3959
1993,753,5474,6424,913,2031,3269,1933
940,621,2189,6660,856,2904,1421,6523
1963,861,712,2445,255,2166,2553,8527
4597,1284,3121,9344,204,1578,6030,6050
2441,1607,787,2513,485,2252,665,4360
2254,1956,1691,1351,579,3803,4101,9736
2070,489,7243,845,495,2028,3001,1104
7796,10524,10805,43026,3890,22728,17442,16774593
5429,2219,21796,148236,1047,3599,4361,16765977
30235,6749,17373,18265,1167,7224,23944,16775047
3328,1050,6187,8294,209,5418,1644,6192
2607,1816,1195,2280,149,2203,3418,9973
3601,633,3688,1967,898,4588,3709,9942
3268,1138,3831,3752,1461,3381,1251,3434
7052,591,929,2059,419,1989,1509,2610
1227,776,710,1725,604,3299,201,2177
1344,2835,13046,6249,851,2348,2163,7972
1066,2020,4263,3687,1541,1494,1814,5446
803,2450,1983,6283,623,1415,2849,9359
1866,523,8618,1502,419,1512,3277,2729
1688,837,2916,2759,561,867,3464,6241
4594,698,4032,11062,446,2125,1950,9206
326,571,3152,5280,130,1526,1833,11173
2155,755,1245,1108,501,1476,6990,14638
1031,862,1518,3962,345,2943,2455,4929
804,3596,2820,1177,515,2093,2917,2927
1910,1396,3176,1671,234,2159,3021,3527
1344,944,11237,8639,233,2899,3978,13210
1063,650,9707,13658,1066,5782,2464,14421
1932,795,5216,4961,1033,3163,2909,6444
9470,787,2924,8377,539,1936,891,4345
3477,652,4981,1545,400,1790,2039,9082
6410,645,1334,9033,654,3320,924,7178
2643,683,213,3005,384,1182,5415,6760
6467,1652,3121,3462,175,1147,545,7562
9388,2042,8693,28333,2953,10281,6578,22798
1205,556,1340,2744,251,2191,1448,10924
6716,1923,1950,10096,173,2855,1035,2299
28359,3388,4389,16754790,2011,9332,5625,20336
3349,688,3276,12372,431,2669,3026,2997
23896,6144,22866,19126,3239,10458,19253,30190
17669,3877,9298,74033,2947,7450,6530,16748322
13036,3415,9361,16758353,2888,9962,11064,68555
2973,725,4944,16745913,483,3072,5051,5243
10276,1102,8023,12328,157,2378,2104,12047
3881,483,1686,3868,359,3225,2027,2137
16693,2334,19636,7596,3620,5039,17039,14128
13937,3680,10692,1914774,5920,14842,17664,7608
4589,684,7534,16754307,1320,1863,1659,16260
8951,10002,12907,8784,2687,10360,9335,26334
2330,846,187,4420,656,2396,2707,2847
3332,725,1934,1539,588,760,5684,3875
2123,519,5731,3992,262,1470,1986,3629
7204,1405,1400,5119,1064,1567,2922,3340
977,868,8813,2631,807,2639,1865,10669
2501,758,2316,4589,587,1430,2237,2379
3116,706,2533,3922,417,2792,3114,6068
2704,891,1671,2017,1817,3852,4125,5032
6149,759,9450,6095,556,2073,5209,7263
2659,1074,4420,7213,1943,2575,1977,9730
4617,568,11319,5125,595,1102,3335,8523
3440,1785,2627,14409,1030,2263,5011,9329
4081,885,11559,32402,559,3545,6067,8926
1769,691,4028,1476,567,2597,2150,6032
10102,1216,17178,21439,1861,7046,14484,25963
7528,1297,9877,1476,188,3929,3230,1858
3756,1295,2285,72867,227,1797,5758,23856
2304,1196,2145,2990,418,2420,5025,8820
242,430,1157,9778,553,1867,3856,1822
1742,730,2175,7500,514,2277,2767,2153
522,785,1752,8362,771,2509,1817,16713
3648,654,214,1833,1004,3875,3977,6083
21825,6606,16746228,10618,2549,8051,17881,32050
1365,1748,556,2134,294,2357,1714,9906
6976,1494,6109,5405,312,2311,1288,3473
4169,1528,1786,1991,932,3582,3782,6533
19805,6231,16749676,47688,2605,10552,5174,21950
24251,2671,17809,28984,1511,6920,15884,25510
12135,5391,5434,29042,2192,7827,8949,23085
2407,946,2475,3459,452,1997,4456,3239
3456,1664,2607,29255,390,3105,2865,6163
3397,499,2637,4144,860,2843,1285,7701
11372,8449,7616,9268,1913,2247,5380,14459
10214,458,5922,10827,581,2390,4271,10018
20949,3397,16746255,12427,4197,15159,3810,27955
3505,705,4133,4814,244,2420,509,3540
2845,799,3561,14950,406,1147,4511,14902
2410,1791,5794,9670,231,3185,504,5498
2696,659,2268,5577,201,3102,1769,4284
1977,562,6603,6497,873,1126,958,2838
5033,872,5588,11397,1095,1025,1152,9650
3386,1848,451,3224,1168,2661,1555,4843
1463,1191,2372,2487,629,2653,1424,4324
1190,1145,1983,1751,355,1614,1051,5288
1830,188,3635,1976,393,2310,1068,2825
501,1210,4589,7856,1243,4076,2539,11868
19704,4281,16751636,33235,3645,5850,23515,16774460
16749167,3945,16764773,255660,1759,8453,14494,89557
528,1648,1346,3815,412,954,3085,3010
3096,446,172,6300,132,912,1136,2741
1822,1096,3669,80768,706,2265,3620,16769707
13380,1025,9279,17192,1135,7980,3712,14694
4249,1988,8318,139365,1649,5407,4698,22576
4485,898,5634,12392,1043,2918,3600,12102
2251,1382,4849,3048,701,1941,1104,2198
2041,1657,13489,16761909,1340,2146,3552,16764519
1076,953,1317,2786,795,3448,169,7693
764,547,3746,2916,1903,1334,2428,3937
1458,240,2762,1990,235,689,1667,4448
2182,528,2548,692,224,1437,1560,4081
816,512,427,3366,635,2353,1129,3424
7710,484,98,3153,593,1330,903,3538
11222,943,7868,151174,465,6445,4746,16753599
5724,1134,3519,6920,402,2835,3537,6285
1976,1101,364,2622,137,1396,890,2365
1584,690,13605,1285,239,3330,2633,2298
2721,1325,2953,5698,203,1598,1646,4954
1001,1814,758,3964,375,1790,3849,6319
3912,444,2769,3269,298,2281,1640,8337
2890,1832,1892,3443,636,1647,1388,3194
1294,1114,2556,2446,1093,1331,1911,10636
6053,3848,14170,9696,1709,2954,4703,21477
1322,5924,5084,185551,959,6252,3264,23392
1477,509,2147,3868,155,1337,770,10553
1321,460,2795,4301,1847,1009,1594,2124
2625,486,1841,3591,367,676,2464,12371
2452,1214,1137,3828,16777190,767,1200,6897
5331,909,6320,2737,585,1891,1335,10842
3149,1033,3262,9871,838,3110,2385,12967
4520,143,1633,3507,524,873,1235,2363
2742,1026,2209,4008,296,1084,2235,15326
1481,564,1002,3911,138,3329,3388,7299
2944,649,1790,1381,305,1627,489,4765
1494,752,1228,4391,377,1422,1602,4245
3155,441,2290,1444,559,2372,2955,5139
1733,876,1923,6135,428,1294,2306,6933
2066,1523,135,605,394,1507,382,3311
5175,1112,7911,2645,422,2381,5201,4902
2221,1102,1269,3617,16777186,2031,1079,2848
714,492,3503,4627,415,3125,3066,2477
3517,716,3875,3712,543,1922,1133,6054
2910,972,8135,1583,203,1007,2589,8494
5910,224,3942,5939,258,926,669,2297
1194,1051,2040,2724,413,1177,264,4277
2760,16777195,2682,1128,518,1767,2131,6091
3202,555,2533,1212,499,2386,2377,2205
1760,628,4227,2744,163,732,529,9135
1642,660,832,705,368,1165,3413,5332
3371,965,786,4854,550,2744,3246,8446
3656,461,4585,8354,289,1923,3452,5918
1761,202,5107,2557,203,3246,3232,3567
3570,514,9785,5872,248,2918,2937,18169
1901,1014,1862,4035,467,1756,2240,2034
6600,812,8686,3358,859,987,4302,3692
1345,206,483,503,357,1158,2426,2366
2867,825,1185,685,213,1302,1561,4437
5932,458,1656,16760039,732,1596,2221,16960
869,222,1833,16777213,148,693,1227,6257
30325,2195,29621,16764753,2686,7297,23439,86396
1196,1005,6459,1728,511,4127,3832,6183
3313,1094,398,4335,806,1289,1822,2705
718,467,5491,618,1190,4722,1702,884
4769,2251,3480,413,2367,3159,3628,5579
9303,6306,9291,464130,10487,8552,5701,16772909
1711,968,1585,1918,604,3113,2849,1721
931,692,3777,12785,795,1812,11402,23532
6848,904,646,3921,206,3849,2354,10703
2242,459,3846,1904,397,1803,907,3418
2117,6516,4093,16775894,5466,3757,2196,26372
7880,2999,24457,253445,3011,1969,8840,32325
2461,289,2170,79982,16777122,1935,737,19770
2763,812,7159,2485,511,3273,3409,2553
1788,1028,1392,3499,582,1600,2090,3409
6587,16777204,2266,1735,16777120,3550,418,2426
2067,563,4218,1959,833,1043,1236,3788
7000,16777196,3379,1462,514,2533,865,10443
972,2114,113,3900,190,1930,2585,2508
2132,1067,16777165,3764,382,1829,2339,4639
2084,789,6196,1300,1129,1994,1137,1952
2605,1123,5821,1700,542,1631,222,12670
1369,881,2206,1803,616,1731,1740,7447
2447,2480,6671,2491,759,3531,1274,4746
22451,11872,15755,98751,3504,13316,2313,45844
2548,608,457,5742,298,929,2094,2655
2009,361,3103,1448,447,2062,2142,6143
17951,687,1448,7094,608,903,1657,2236
3415,1314,3802,10683,229,3301,1016,7372
4243,515,6181,4978,390,2577,6426,9002
4712,514,1247,7759,496,1431,1916,10125
2594,807,6072,2188,771,2093,2331,1572
746,667,2383,2758,16777182,860,856,1847
796,174,3023,1884,346,1780,1013,4594
3680,1098,2780,1624,414,1111,2149,3907
2254,844,2062,1831,164,945,237,1683
3511,1409,1367,3836,1566,1000,3358,763
2211,816,6791,881,201,1622,3142,2927
1495,1014,1848,2195,386,2184,1276,2821
236,791,1403,2510,266,2089,1923,2784
1922,1424,5453,700,1356,927,894,4479
3390,927,3946,1026,477,1719,866,3205
1723,1487,3639,2203,215,2037,1668,4980
2711,517,3375,2443,135,2855,1965,4211
1649,366,5331,3624,669,3046,1084,8825
4463,696,6571,5471,183,1158,1502,5409
2437,132,4683,1106,637,678,2093,3263
4126,2721,7664,106076,2350,4944,11610,16753482
4784,1057,4926,336,264,1128,4731,11216
2288,658,1783,1281,169,2326,1537,2448
797,668,6269,1831,881,1940,2298,4919
1036,428,8324,232,611,1367,2182,2817
13353,539,1982,9989,330,2940,1957,7974
2159,214,4130,908,375,1624,2026,2699
1100,839,5882,7802,133,1088,1130,2594
3736,701,1365,4153,166,1443,2021,2875
1795,1385,4734,1269,284,3495,6000,1257
2009,16777170,2067,787,16777137,1899,4907,5169
3978,904,7529,11034,656,2348,1708,4354
2811,16777205,11322,4229,408,1866,2970,2591
1590,1093,6641,4989,467,1397,1280,641
1548,620,4237,1533,389,2138,1596,1614
3148,591,210,11838,208,1781,2527,9152
2072,1681,1727,1251,1069,1462,2664,2684
166,763,3118,2410,216,4104,1669,3339
738,412,4856,1787,191,1867,775,4503
1166,587,1254,2114,132,1645,1023,1971
1418,1076,880,1267,574,1234,935,3424
2771,575,2032,1267,530,2597,5647,4972
2266,332,3123,6013,415,1828,2060,3695
16201,325,5201,4223,507,954,1479,2999
1877,546,3963,1943,366,1444,1141,14544
2470,1759,996,2486,939,1391,2367,2027
1414,538,2411,491,262,3981,628,3082
4161,956,451,639,200,2240,740,4969
1678,486,4773,95054,318,5879,3205,12469
2294,622,4315,1615,213,2086,799,6408
7776,587,10092,52744,368,2502,1189,17140
4594,1137,5968,5538,140,1499,997,7200
154,500,4396,2659,571,980,1260,5355
3969,276,1301,2813,136,913,1711,7463
2551,918,269,2640,530,1371,3177,7054
4246,1402,475,4090,512,2294,725,3987
2097,582,203,1160,514,1938,2185,6993
2478,617,3067,4926,589,1294,3851,8684
2528,447,3542,2424,635,8744,3117,3998
1137,1837,3299,10405,556,2151,2797,21372
1334,600,652,1332,641,2939,1787,17772
3048,2826,434,1314,380,2653,1733,2068
1234,129,2044,458,183,1174,916,8620
4943,401,3185,3597,271,2041,2392,4859
2182,431,502,996,268,2506,1726,3126
7538,3399,18893,16774497,9866,10882,14245,23135
25774,2680,19147,252964,7150,18906,24357,162919
10783,17683,30333,980987,10899,19130,16746709,354754
3483,4557,9083,89233,2637,3909,3140,30321
16776469,16772916,79906,386879,16752151,75358,66663,115334
16745921,214336,50929,2654728,117537,132900,215002,1450575
7999,14286,33691,1729369,10086,31320,16754339,74445
16756432,17688,16766240,628646,27658,15548,20646,195244
16755420,16798,5486,709793,9959,14122,16763502,207271
2477,3024,5924,68259,5464,4317,10697,28231
10818,5257,920,16982,2927,2624,4673,15170
2262,2676,6156,486103,3349,3516,2176,17186
7048,4486,1235,11191,3003,2133,3217,7984
952,1939,1605,5070,4914,2611,4331,16225
11407,4169,4760,211759,4980,5096,4104,24062
5246,1504,1887,10255,4548,1973,1917,1442
3714,20478,20568,1022575,5722,9835,9463,66809
17137,6967,22061,429901,11837,9900,7505,148924
1368,3468,3305,7692,1334,3162,826,3335
746,1756,1844,11085,2881,2312,3841,6295
1399,1885,5631,4093,1637,2326,1708,1659
1890,525,803,91186,157,457,439,3655
164,509,361,16765041,837,729,16777193,9904
25419,8773,13694,149708,12080,11992,7985,16769974
12497,2550,32543,983188,4430,4674,12676,16761519
16382,6496,7325,178864,1898,8112,23065,60028
16769088,17300,7042,2254079,19764,23290,15175,41540
6640,3346,10345,1969,4458,4026,2816,1111
4352,2082,854,3345,4674,2154,1071,5311
1717,3433,11244,6644,4199,5764,3095,8201
2632,3149,3435,1058,2851,897,1547,2118
2852,1043,4020,5363,2187,1665,2279,2531
16744,4327,7986,196915,2897,5969,5095,50657
15767,5138,20033,36311,3953,5041,16391,16774653
2142,5988,2394,2221,3089,3980,2978,10515
891,861,6146,31248,598,446,1620,5700
10527,2154,12176,4019,2824,3254,760,489
6497,3621,1958,1781,929,1881,2551,3125
4652,1780,17600,288954,1864,2596,3651,16760964
715,4901,2783,2463,6810,3807,3717,13077
10005,1794,1583,81024,1870,2407,2585,15473
2703,1324,4366,21009,1627,1939,1117,14766
11246,13682,21055,577530,6814,10303,11198,16765682
1173,2229,4380,3617,2330,1226,3119,9532
1570,488,3044,2722,1512,2830,1174,8132
10870,1216,27115,7172,2584,2448,3180,11710
2194,3055,13734,7244,1820,3216,2726,5548
66681,18972,82728,657136,11646,15727,21440,536245
1485,948,16281,172354,2129,3739,3032,10637
32425,13452,16746160,16773010,17676,11269,24676,62096
3607,990,20464,15009,1208,2150,4067,12926
16246,10791,31964,231280,4397,9413,32098,72774
28263,4366,28043,470313,8526,14659,10281,16765233
6240,469,6947,7878,1944,1142,1146,1845
11377,1495,18294,136927,4089,6102,3226,11926
4447,1583,4522,4663,1424,2579,3294,14614
2643,2990,10491,5124,2289,2777,2485,2273
1757,717,7178,1622,840,2026,3050,2591
16754211,7840,16755954,482967,4435,8141,16765927,30363
4422,1765,1729,31521,3364,1688,1368,2851
1625,1256,509,10029,1144,1671,2358,6787
29243,6182,80094,122441,6998,19685,30406,16770059
19021,10492,12900,1298469,11715,14798,13191,112363
8457,4444,52489,597722,8570,4405,8968,16756004
6456,704,16468,1200,877,1995,1280,8481
3101,1795,4048,62388,1463,2557,2041,31556
3325,709,14691,3370,1147,1852,1306,4223
15506,979,11141,16760725,1185,1705,4756,29675
1195,1112,1391,2226,732,1351,1576,5111
7755,2089,2272,1104,1790,1934,757,1864
5160,248,4484,66301,510,2472,3296,18093
2256,1570,4903,1362,1100,1732,5241,8767
6531,1331,15217,6370,1234,1764,3072,5172
10967,1358,11030,1506,785,1340,1716,7416
1700,1201,11210,70482,678,4114,2233,26698
3390,1326,11244,2466,2470,2545,1737,5710
4694,1107,1977,3102,1393,2892,5028,4305
22835,8846,3412,1333411,9386,14040,15083,77441
16753366,10870,74648,1120191,6611,10121,11485,360005
3528,1534,3594,8844,1556,1674,2170,6643
4182,2221,9783,56047,3555,1625,5108,16770368
1232,2001,4805,66947,1827,2304,1077,12049
5941,1793,431,16751162,1660,3019,4661,16757726
4478,650,21775,76121,533,1399,2858,24653
20651,918,12906,138440,1583,3205,3096,29291
25717,4737,22069,1652561,8399,31708,16660,148453
9053,799,2621,78800,406,3173,3742,22785
9643,773,3865,1211,494,1392,1649,8834
3041,489,3024,7636,1219,1330,2614,9455
2986,1032,2100,7109,647,407,1970,11801
3525,490,3971,4416,1402,2302,1392,5714
6989,984,6688,4887,545,1269,900,4107
11402,1297,16314,54837,553,2663,3404,16773340
3694,785,4704,21213,846,800,1042,2106
5766,605,3567,4290,233,1110,609,2585
9941,213,4714,16773481,228,1477,3157,9326
5565,420,174,37818,208,1634,2893,11482
25864,7433,16764888,684747,5181,8483,16748103,16767212
969,597,613,3130,473,641,1995,3338
2060,731,3843,431,752,4450,1909,7061
763,655,14208,2073,810,1362,2210,1157
18891,4865,5114,415521,5849,7013,7315,152608
5477,1161,14956,10347,864,481,4629,20583
16758302,3608,8953,23407,2940,9659,25153,16951
1309,449,8224,6454,1636,1052,3168,417
1207,321,1884,16767226,133,708,1060,4173
3818,3428,7291,72066,1151,3935,2450,31205
6261,1660,29987,16764364,1155,1744,5365,16753710
4836,1757,17126,7161,2196,3059,1759,7123
4970,16777154,1253,158787,16777107,674,1289,2099
760,1339,4661,81217,1396,1221,2178,16754766
645,159,2256,88666,16777178,686,1789,14808
530,624,2984,44597,543,866,1063,1951
17008,3822,8355,37490,1320,6197,10950,107249
869,570,2757,14222,721,1438,2648,7208
2169,626,395,19597,271,945,3200,3160
5307,1208,13699,16764764,1563,4281,4280,16769222
4567,1328,5904,3862,743,908,1841,3698
1695,450,6206,4995,414,1565,1405,5230
11501,5368,31698,72445,2717,14983,4647,16756464
5205,660,11400,107761,1104,2055,3099,27334
1150,1354,2333,4984,1079,1733,2012,5009
4225,1102,1624,2946,1854,1255,432,2447
7035,2992,16744404,852106,4897,7216,11485,16744727
18515,9986,11572,131088,4891,29207,18549,212354
2910,788,11945,16771942,286,3159,665,11093
8982,845,6097,16769985,1323,1767,7091,19180
2351,408,4571,343243,368,2088,2104,16772052
11528,619,5311,12223,802,709,460,7248
2422,399,11898,21328,889,2399,3142,26009
10917,818,14378,215325,820,4472,9101,16765966
4825,1168,7896,55209,2308,2880,5442,79566
15437,1335,6936,19520,1102,1522,1043,4501
2951,1581,6380,19594,1465,1616,486,4116
3080,1213,4595,45461,463,5003,2539,16761
26700,13357,16750097,26050,7664,17583,10530,41418
2116,384,3858,205028,311,697,1143,25170
4267,601,4029,1557,814,1724,157,3471
1153,1045,1082,67295,499,3312,4409,25085
1769,218,984,11441,514,2362,1907,4687
1377,7493,2462,16764947,1483,11101,9188,16755077
7916,4943,3733,95701,1758,9819,8395,23882
6240,2863,2718,24322,933,1484,450,2803
3970,1542,1470,5471,3060,4311,1486,13629
6958,412,16339,118972,1178,1737,3485,25933
5596,1612,13826,9213,352,1013,1772,8722
8799,667,14793,11344,862,859,1355,7139
4294,148,8450,9966,188,915,1003,8764
23139,1777,51012,122182,2467,8573,24121,152695
16753592,2027,11093,1924670,4017,7640,15804,16771231
4072,898,1366,10927,801,891,6405,10088
16769839,5735,16750588,24085,2896,8172,5492,16766154
5580,884,9454,16759627,246,1698,1535,16755212
13483,4268,26601,16746230,565,10283,6432,16770843
16751912,30106,16762631,1303746,23559,16746040,16776361,285942
22843,22539,16749142,2245613,7570,9114,16371,123797
20653,21039,16770414,816908,5828,16746845,11849,155953
17143,9562,12303,632645,6904,13279,7236,159077
19682,4995,16692,39175,12626,6015,10734,16749686
16748767,6305,93152,509006,9500,17348,16761750,118415
7940,3075,2930,50877,3368,2698,1368,29099
3126,2317,1385,16761179,1220,3492,7074,16769441
16749695,9798,1418,1029564,5064,8978,24258,52226
8258,2117,5095,16768791,969,4943,4945,16296
7245,1419,8244,339796,1297,3572,9992,65689
16763050,11828,16750284,383853,12097,21796,16759176,53560
5616,1999,9627,297970,1491,2327,6035,16745480
4299,2088,8858,38748,3148,2034,2673,14420
23920,15446,17883,1406395,6731,16786,73788,79313
14064,11550,3076,122224,5364,8662,12211,67517
9831,9087,15877,152377,7522,10896,14830,65943
30749,9675,22774,49333,9853,25388,16759896,21302
6001,2465,3644,7749,2019,2804,7464,16062
1855,1937,10136,6322,3693,4977,2411,7723
6731,3577,9704,382553,1781,4887,9404,68853
8845,3288,22561,85725,398,4300,7743,13225
1314,393,2359,16757199,229,1562,1575,9476
4686,992,19648,663952,1011,3153,4335,16759647
9859,662,3713,279650,1354,3385,10771,75047
11944,4464,7491,268193,650,3612,2061,3113
60783,16759923,302258,1552854,36595,83212,61298,1141929
29820,16749809,88461,787928,28617,26098,65819,153242
83294,16764168,37215,814612,16769078,66443,87656,243157
20237,16754961,16762259,261294,16768784,71002,16760141,41924
16770479,20543,16775007,618948,22774,15441,22104,46060
6287,7358,7087,1386136,3774,15937,22299,16754248
17909,8281,16745747,1389707,2512,14681,16412,61270
20549,7881,74585,289326,2155,8624,18974,16774019
6774,4414,14181,2113861,2116,5021,8245,86822
10339,2661,8719,619017,1440,4030,6359,16765522
78810,8735,16755133,768867,8844,16753204,16766311,52061
4461,6583,14035,616320,5547,6623,3900,35649
12460,14857,25427,552725,7723,26786,32390,13916
83093,16756290,92095,1224283,17537,16750469,23822,338186
1250,16777101,1345,16753177,135,571,766,4002
22025,9416,27953,1478636,7944,10621,6266,145385
14319,9126,7568,85999,2896,11917,6397,145266
3378,2444,11603,85278,3994,6354,8615,27996
20300,9629,16758581,602414,4842,22824,20056,60466
11429,3712,4137,71752,1130,6079,13397,19809
22802,6239,16006,1311908,3952,10077,8234,16764855
4642,5664,6977,500824,3416,4340,4154,76526
21446,5237,15635,1033722,5176,8763,11680,16773106
6460,5580,8354,622615,6977,6591,4350,77329
25178,2196,7672,36004,3648,6522,3207,25618
495,1695,5370,87124,3341,3076,4106,11378
20037,3239,13581,76084,2162,6858,3267,15275
8354,1673,23789,34155,1802,4072,2834,16769516
7871,3785,8478,16759416,891,2434,2593,12952
4126,2874,9966,95183,1728,2293,3313,16753530
4558,2158,18991,324106,1857,3236,9885,31249
26115,2567,3705,118128,965,7977,2973,16756216
4999,3055,5211,74244,1441,2160,9717,8313
20308,1562,2993,135248,2181,2957,7023,12314
3071,648,4106,536156,195,1278,3520,29568
12220,1377,4414,13959,450,3063,2251,17378
16751539,6165,5704,660552,6249,12479,19538,94736
3176,2147,1625,556900,2317,2550,2540,20092
9187,2230,1543,16770243,972,2611,5468,29383
8584,1478,538,65974,781,4017,3680,16745340
176,2146,3747,27433,1843,4213,3104,16775121
2001,1571,5206,16744496,395,4655,7674,11413
16773885,18997,4852,279012,3648,16746287,6113,48420
7499,1892,30750,84171,2137,6161,8510,23487
856,131,412,16776988,16777178,144,1116,3317
10647,2323,1769,153363,1573,3903,11939,7926
12211,1478,13320,16745658,1107,1560,1382,20782
3660,1048,9769,14693,983,3400,5015,25468
1966,982,14372,97525,181,1787,2378,30941
7433,1180,7028,1972,656,1794,5098,16746387
850,1023,3613,23736,876,3713,3631,20273
16551,10354,13933,58610,7683,10478,16745992,16753437
2500,1607,6783,198772,417,2743,2892,23174
5327,1835,12384,10130,1781,1668,5737,16744719
5570,1254,8527,14404,1950,1309,1531,8691
9705,8541,10828,172172,5407,26299,26187,94626
12518,6276,17909,778983,7724,18805,25524,92551
7232,1221,1284,24277,1450,3962,5576,78685
16747774,5808,74755,623080,2438,9216,21601,76497
6092,1409,8092,16689,1546,3455,3594,10736
16769969,4986,16753771,37167,5899,14350,26500,16775889
20046,1515,5293,12774,622,3469,7592,8578
28371,8958,122621,1972381,5768,15905,26554,220166
2830,2993,11995,53671,1303,3199,8019,12307
16771136,4995,16744708,307862,3914,14822,21051,16750379
10919,2360,8332,12637,954,5475,6555,8013
6609,1302,11708,68194,1572,2706,7574,16762707
5160,2500,3550,16747722,2348,11863,5236,7408
5875,1699,1713,348890,1124,2979,2867,10372
2348,763,2442,48327,1531,4305,5451,20037
1928,3187,28576,26211,4126,7663,8401,16751257
1603,560,4120,398715,16777215,2713,2211,5089
16773402,22758,16746329,463378,15463,29329,30072,16746462
2432,767,15559,294381,478,3837,1668,29884
8429,1237,889,60719,3592,4716,2154,16062
14727,3198,3548,16755801,742,2567,9643,23734
11784,930,4818,71420,387,2343,4887,25857
4324,1984,6282,13169,1026,2810,7180,5022
11689,2982,5959,152375,3623,6400,14182,16750566
6347,1839,2738,278944,2121,21827,8124,44823
16768431,11438,16772498,3203596,16034,16747070,16752359,276265
1050,453,325,16760968,568,1268,3133,13552
27590,29069,30107,606204,18452,28691,24260,16762700
2899,8798,19245,201668,5359,2439,17500,139016
32033,20635,30177,358522,13909,15979,16761785,113417
3519,2899,9813,69292,2901,4843,11771,16405
24223,25461,27265,369196,16064,13872,23339,463561
16750098,12708,29489,2186041,11995,19185,16748713,16769260
4862,12194,11879,135205,2596,6545,5489,46032
85994,23359,16776149,979327,17489,16767582,16767865,160856
653,2805,10794,116121,3102,3791,5918,14850
16770177,16762454,43376,1576417,16752902,70299,16770498,368391
20762,6416,10396,1383271,2342,4569,15783,58738
1240,1930,6743,95751,1381,1847,2395,23640
2236,769,13939,20231,634,981,2686,29390
16767634,10673,65730,890233,5976,16769714,16761224,61668
16753048,16602,24564,667000,5976,25310,16750987,144887
1716,517,5229,16770165,207,2209,4134,7109
16766604,23902,24541,1583037,5679,16772297,16764151,269498
40502,35329,594970,1283606,71210,104505,451009,1818568
16763012,16759691,188070,1607889,16765357,380249,133851,365533
11024,13731,16751664,774662,5316,14951,21117,70678
16750766,17509,16746314,387113,8286,16755151,16775172,72364
66366,14690,27982,1369717,9831,16771711,16762732,178711
5552,19792,16775926,731584,12772,25461,15038,131445
23428,18210,16766490,1590018,3467,26442,16760867,122991
30352,16746967,18777,513340,5321,29510,16764465,154531
69096,16758275,16756187,2212078,25872,16745283,28305,486730
16751432,4186,21611,995561,7420,14119,8678,16762416
5398,6824,10280,665632,6372,7422,8812,16776112
26905,199770,16768672,1762086,16754538,95889,205764,216984
6949,4256,23873,422398,2743,11417,11132,16488
18675,32429,16766041,1161532,7623,16752000,68290,211096
16747171,8455,16773362,1035042,7089,16747929,16753744,50340
20134,12184,16772050,1150685,8017,16745255,16766643,213128
16758001,8847,8200,2419409,8021,13059,13234,55720
8422,1053,28840,39922,334,7643,8237,16774356
35976,6103,16745523,791707,10846,20916,16773572,143348
94511,28542,16757514,634630,4861,38243,19239,106291
55257,16746808,100423,1733108,16605,77261,25432,1013193
94645,11503,42584,611115,7267,19690,29866,228122
16746316,67590,16767464,1149695,16756589,74420,89239,604911
70152,16765577,156846,1286854,15476,55809,110567,1711690
87422,26623,93045,870521,21421,82414,16752887,123536
64872,16747049,162697,675623,9940,32980,16745389,551293
22537,1705,9183,599996,864,10781,13007,16749298
70302,16748326,23937,307887,7683,71932,16751759,131976
74916,16760070,364295,1944174,16378,148528,97017,927813
16745518,7139,16749952,402369,7477,20168,16765898,92965
30773,10274,15636,424331,7795,16745679,23522,257156
76580,14096,75164,650092,2848,13503,41273,16769457
74715,16749438,53674,1796709,20153,95253,188974,598639
69893,19348,16747156,179197,4392,94987,135900,124193
157537,13028,16771696,239962,10496,47235,73328,250770
16758520,12514,95525,718923,3333,27384,81376,127080
39032,16761696,51165,2690890,17947,71987,38716,374548
18678,6193,16772580,737829,4095,16750869,16755608,81291
7848,2189,20586,510000,1004,13059,8624,97378
3119,3200,23613,425336,1989,16340,28847,16775069
94889,9239,12993,275525,8111,96442,166334,124062
7163,6520,19147,192867,3161,16142,16761905,16757460
28219,5007,16747190,1146694,2058,17622,16756871,16750597
24416,9794,68305,858007,7907,16744681,16763733,25727
9726,5520,22345,59692,2516,18163,4657,138926
16755273,3968,31988,211977,1444,18245,24587,82379
13738,3343,6239,202673,878,10418,7860,26031
16774338,20545,90023,1293116,19980,66701,116493,66426
16802,20706,138208,834058,9848,93836,35093,61288
15043,12428,16763882,413861,4630,15230,14926,139896
9037,1379,5165,224178,487,2686,2564,16551
15197,2345,4327,350100,2773,12048,20099,59805
14847,15052,21139,1479049,6144,18767,73623,85727
16762833,20240,16767662,1109296,2911,23523,15063,200617
9902,7844,14702,1331121,7978,8241,6778,79980
16750255,16746198,26199,727263,7318,17943,16565,197916
3433,2468,10758,147137,920,2419,2204,8996
496,150,1111,5201,489,433,964,5989
9776,11762,16762406,776433,5372,10589,8365,162987
9550,13048,40013,982457,23243,25490,16753343,239305
27095,16764078,16768194,898839,16761973,16749633,13002,104498
8100,2994,8390,110829,4441,9540,14030,16773603
3693,1536,2557,91472,1616,2888,144,13475
27762,29912,88434,388818,20178,18074,75141,456718
995,666,3818,24306,1366,2460,2543,12950
3040,1947,5429,196556,1288,2244,1703,80310
74961,22999,193930,1153407,23088,71272,19900,395178
23954,7506,16772356,1044221,9632,10923,16759911,36375
8096,10088,1357,335664,5982,6191,13792,28413
11063,3091,2717,801801,5951,7305,12795,1969
16761321,30828,26218,1149128,16746626,16760852,22191,45852
16757352,27350,27483,506128,26717,19278,13804,277886
4124,914,7898,801926,478,998,2174,26229
809,873,1132,16759002,561,2884,2310,8583
14893,2986,10789,132117,2727,9579,7067,57506
13287,12887,16769493,1190807,20525,15892,19325,53672
22348,16759252,14556,3069296,20856,16747894,16746036,664244
14775,14903,15224,1515067,1375,10597,9549,23012
16297,11276,91971,1982070,7481,9268,16366,219889
19864,14848,11527,587725,8022,6499,5177,73478
32419,24939,54848,1509396,17297,26193,16752474,262167
673,211,4213,16749007,1028,1541,701,27260
31354,16750796,16746362,1868909,19243,32227,52151,154745
10499,2920,2568,36736,953,4218,2053,23396
9167,15252,16744962,1485233,16748943,28571,21695,62374
9257,27954,31853,2296210,9616,25828,6623,57950
2605,4893,11295,23561,3766,4739,2855,22387
9729,9102,21807,854130,4978,4697,13537,16758012
6378,1586,9448,4130,5499,7732,7024,2625
22287,23133,73527,16761279,21857,28829,14209,47192
9154,9698,4770,1261709,4722,8067,7836,16760484
927,1406,1778,26936,619,2828,2878,5319
6362,14434,6865,427734,9754,12916,7181,32257
16169,7765,14046,77663,761,5594,17515,16745461
3788,2873,9096,287686,1597,4702,7412,140639
16753670,24887,21593,920827,15862,26502,24529,35858
4630,2885,5721,16751912,4368,4272,4919,13437
847,1406,1683,16752095,251,1940,2744,3469
2920,3271,5429,5648,5002,15216,3837,7682
4017,6625,8731,2822,2989,5138,4971,8149
1820,5609,4334,186860,11184,13107,4727,15755
5356,2768,8301,1221,4820,3078,5032,2149
14818,26560,13952,111378,11256,16769689,11409,23702
5501,3461,16288,16767502,3655,11824,1516,12524
1565,6183,3677,5215,6925,5049,3300,3323
16757810,35655,35082,121527,16762064,16754393,16775663,59896
16236,69427,98379,1287324,16747443,65750,79918,404900
26855,71426,5240,694767,23479,16755438,18364,85033
3805,10957,17417,19412,7757,1533,7275,8471
2596,5793,2403,6751,4065,5838,2201,3196
4468,9129,23212,78382,4014,4628,3910,25217
5076,3995,2884,2331,7152,12755,7556,5564
8035,8936,19618,467547,12767,16745113,16865,25229
6623,4307,3530,6650,3463,4111,6631,9025
1493,8726,13905,25854,11137,6645,7842,14612
9540,13580,3565,477568,9780,13182,6259,135386
12285,14884,19528,322910,11292,32633,11562,53479
10395,8222,10732,577661,5009,13347,3918,17904
1615,2901,1932,70360,1412,2574,1502,8310
16766590,16748352,16744850,582913,13507,30672,25606,144011
895,914,2926,148671,496,2850,1265,7437
4652,22294,9820,45513,10494,17880,15873,27009
9250,6268,2938,1903,6951,6146,1664,3724
21165,16751925,21410,313182,73741,16767689,16745923,335239
22753,19537,12859,405082,8846,12921,16593,62831
252151,99265,40611,2572089,73556,16767927,16754329,279447
936,3382,2598,16756507,659,1359,1915,20503
4638,2319,10684,16767133,1984,4562,1237,16757620
16747198,9496,31070,739332,4298,4269,8717,16752423
2660,2683,31366,49699,1728,4354,9363,29339
9795,13024,16744685,905615,6952,7794,5476,333174
2917,8986,8468,109315,3254,3780,5336,16752969
28073,28610,16751952,1242837,19064,16744551,16749328,212833
150924,24012,16755019,2078890,9411,11136,30120,336908
21540,10717,11645,366259,25141,4535,20521,16755647
16750198,10389,15931,600171,27077,6634,18522,68677
7699,2068,7432,188251,734,1980,4101,5598
8547,11754,23182,716148,9341,15834,14162,37841
43308,16745069,28526,3244624,14610,16776630,16748717,423589
8468,9418,25823,639908,11161,24290,8000,35019
3557,5868,14008,27567,3673,7076,7401,12322
4682,2774,10331,399121,10715,4538,6733,34298
9444,2393,21899,154392,6697,5148,6592,67500
16758500,10767,25696,667457,19443,18496,4936,211582
20809,6531,16760808,601050,10537,11713,8575,76298
48506,16752758,154537,376367,16753203,21607,16766854,892026
16745667,9202,32048,593289,10137,3914,16764519,50750
17741,11080,16751210,222630,12067,9267,6128,144866
16769710,16752954,18296,652156,17388,28700,19329,104504
26363,23910,26002,746096,17777,9573,7335,68799
10274,9083,26692,211304,10754,7815,12280,137273
2586,3924,12373,223747,2965,2404,4231,30312
171850,61490,530330,1596145,133832,78306,117593,510498
16755824,5351,16758617,473918,18988,10985,14773,47394
62834,16746691,412296,2603015,81538,75669,154082,346194
5358,14844,1337,102940,8149,6468,17866,130995
13079,22051,16757848,644591,21424,28059,19979,273065
251313,181531,16773131,824435,186750,275820,366142,1262459
1267,634,3871,222972,236,1019,1799,15318
3309,10546,16753166,63807,16388,15038,5346,295310
5010,11649,12527,154639,6202,9879,8013,73061
12850,20717,19283,2094990,16758818,16758322,16744890,39457
960,1916,15435,1053648,1964,2273,7432,65933
2157,7852,16758482,192750,2222,9049,9213,51827
16752730,20459,29250,830148,8925,16762671,73317,163064
21343,1354,4624,251136,1685,4686,13024,24897
1700,214,1183,20886,430,2393,2626,16754817
213040,68494,77525,2108790,21010,63211,103810,159698
3498,4191,2015,57680,2842,1662,1251,16765559
16745247,16285,29978,671336,12006,10313,6057,74732
10730,11101,1458,64233,7546,4866,7631,16759695
71669,11706,146113,819979,5903,10522,16600,149681
10664,32557,16773979,73541,6832,19884,13491,21117
2659,1847,3757,16753815,1050,4407,3243,21959
16746381,12432,76224,783017,11277,15990,13957,16774385
8158,15011,16746768,312888,6680,30320,15337,205311
32595,16745235,24473,888818,6177,32396,87554,419064
6164,5135,4138,47500,2117,6897,3061,16908
13118,26408,61034,918514,7449,30081,15475,201118
24471,4347,3174,37559,3260,2783,3097,27288
3627,2812,5719,8620,2605,2741,1727,15478
10006,6834,14961,277606,5972,14196,8532,31147
2856,1212,4937,28601,1720,5016,2395,16750906
16749305,8835,16773139,457808,11124,22614,21702,101627
8570,6934,8181,330150,8857,10815,3667,24708
11003,5270,5651,139389,6450,4519,11927,16746604
16750195,18463,16752824,1537856,6133,84563,89290,186470
22696,15005,13869,719259,8127,31329,65666,185542
81884,16751572,16746544,250085,11261,21400,27098,81354
535,1266,5774,16747754,1629,2561,1275,15256
16587,9354,11586,144593,19638,18593,13038,13512
2070,1241,3544,16757012,1883,3275,2123,16753291
21419,22159,30653,659712,4890,31746,7471,114829
15437,5131,14563,122001,1667,4817,6178,16746646
2826,3331,17840,13684,5208,4461,9837,16107
16751506,13786,16747969,895836,20275,26544,12490,264643
20671,15873,20289,851766,7840,17898,71141,16759436
25535,3459,1918,357285,2139,4364,2701,16747858
345,988,1473,98085,16777153,221,512,3868
16764053,7346,16755565,60135,12358,9588,16755606,306475
16744496,16746157,16766680,667608,18503,23453,10496,161199
16757079,11855,19824,1433693,12846,14803,21910,345794
2523,1228,21249,439844,1285,1433,1766,16760368
24941,3396,1926,472914,8753,15447,12587,67632
139,1845,4663,13890,948,2230,1154,9329
17408,23717,23336,993640,18660,18551,25818,325540
1108,16777175,1160,157452,356,361,1286,638
17630,2413,16767867,320232,4711,11165,12933,106224
20909,8918,22345,774908,4652,9087,5425,132567
74696,18378,16756539,605738,16746322,30650,16770359,93129
3245,1899,1830,82756,1161,1260,3195,18112
854,422,141,17112,137,1808,1073,5623
3163,8017,8446,922466,7036,14129,7845,16764338
24796,16747674,70121,1029467,20482,28670,30474,103600
2967,3980,834,120223,910,10673,6704,20192
36175,16766521,16762043,1832524,20871,16770617,70910,1592232
16750770,16758734,16745071,1165710,16755821,20370,29128,61077
303,528,1623,33117,319,1291,1196,502
5984,10204,16746221,16759485,3816,7881,8032,12272
3307,1856,1622,5030,1736,4772,2333,6907
17475,2674,8813,4472,3610,6443,972,16756119
26674,20530,42050,1041356,20601,15791,17050,48825
2148,1258,5191,65140,1648,3006,3428,22541
13316,1512,13283,1510330,1272,2904,4605,31038
8796,27323,16763205,1409111,21409,12829,16750660,89951
24772,23364,13408,1600936,19777,13427,17083,157949
1759,1611,1895,23143,3212,2020,3671,14202
13616,12419,16747221,127022,13312,20765,6554,16756475
6690,5547,15366,624548,4093,11362,7619,16763050
777,1148,883,83696,729,1212,1069,8459
23609,16747357,10813,739302,10631,8218,14793,16760574
22731,14706,23246,480969,3561,8063,6657,96455
5736,4739,3035,255847,4583,7300,4785,16745588
13399,9332,147370,460084,8495,27475,31770,36595
13456,19402,16746530,679594,5491,17547,12308,53692
16749443,21833,31267,120342,9288,24807,32053,136492
16771405,27200,31982,1384925,24973,16767695,47922,214385
16372,2506,28321,1023492,3175,7357,10540,68477
14751,5537,7558,663342,6761,25229,18540,16765250
818,3410,5981,419526,2617,2693,5931,10201
5190,5720,16745390,1224823,6905,4726,7457,99537
66802,16768300,81677,956328,16678,16768493,16751754,161366
2685,327,3179,16750634,16777154,548,887,9135
8044,6202,16233,285861,4941,9232,4325,122014
4262,5962,19648,69729,8633,6007,8057,16766853
3881,1046,13641,9673,3116,5958,2536,20037
21514,9138,31110,217768,1704,10870,11829,52338
16082,1769,2363,116416,2041,2169,15450,16747122
98019,21089,7291,1534678,16683,16761144,89380,209197
12311,11779,15085,196431,4846,3769,9295,73084
77050,20737,27411,735788,22796,22929,16757836,265062
12579,5636,5949,58627,1275,11419,7636,27562
1983,22436,12713,147307,9494,21063,20228,220000
2022,2230,9127,200774,1213,2571,5453,21521
2094,1544,9054,30340,1247,3131,4185,10999
3786,4187,6449,29751,2394,2708,1159,30204
23498,4646,4696,660420,6492,8967,10139,60650
10472,15758,7623,462399,8910,8336,13395,16767941
19848,7038,6261,147213,809,1776,3821,16745037
12479,5034,5062,328613,3168,19845,10906,16773989
393,2963,26661,17780,3510,9966,13123,10960
11236,2628,11210,12256,1730,5711,4388,12225
3647,225,2309,2334,290,1479,703,8161
2252,1120,163,3362,503,860,1287,4769
2606,248,4442,7954,377,1370,502,2348
2637,1072,4881,3957,549,387,1271,8593
1334,620,4200,199,534,755,649,4038
766,778,2558,13854,371,488,1019,5018
16777139,1252,1902,4392,330,2001,1470,9809
1272,1747,10057,5613,1046,1404,5125,16751654
3329,417,2225,1154,399,1482,1837,3239
5925,4359,135,40900,7492,6085,2309,8969
20504,8127,19046,149891,26346,22703,16748632,16762509
1383,7454,4277,16760437,4187,4798,6223,9843
16777128,2381,3494,50178,1643,2341,2100,16761014
1978,173,2164,9968,469,2019,923,1391
16777193,834,2954,3660,1557,904,2540,10949
959,1079,1938,6231,1225,2869,2391,6115
1480,1233,1222,3539,1907,3788,523,2821
26429,19855,21743,240663,19561,27241,12279,92269
1274,672,2290,31687,732,659,838,7376
5843,835,7527,24779,1084,3979,3117,14226
657,1615,747,6780,972,2032,4230,3819
1230,1177,747,4585,2125,2938,2063,8255
4181,1633,337,4116,1836,4655,3834,6579
294,1259,3012,1565,1002,3936,2836,2795
3392,1195,2748,790,247,2574,212,6274
3081,175,3467,1332,444,1973,3214,2584
3868,681,619,1866,814,451,787,2469
1457,894,1823,1489,390,1661,1215,1510
8383,2821,21865,16744611,3967,7323,1931,18997
1423,478,1042,4731,562,759,967,2518
6184,4610,3215,93820,3126,3687,3809,84337
9630,617,9380,7015,1201,1365,2647,2095
19769,7610,3672,102081,6029,30802,21228,316546
777,1262,4135,16769905,1797,1410,479,12927
9395,9303,6382,144416,12038,9208,14147,16750462
2581,3678,722,24539,2788,2975,2560,9946
17564,16753802,26508,911432,16747825,24181,14839,167613
13711,6688,19356,16753863,1890,6203,21386,88523
73756,90174,92613,1842582,17408,70808,16769949,516657
16764557,70356,136183,552428,16748770,93437,16763327,526702
16769748,16771996,161278,1761613,32277,16748001,30422,16767350
6847,6108,5352,322469,3163,11415,11988,412548
84929,24834,41347,1052867,5847,21046,67886,135633
11182,6425,26357,1341645,8184,13782,5585,16761107
21578,10799,26723,1609972,14745,28753,18937,67648
16749272,2842,16774880,980465,4685,5893,29476,343963
5793,1528,17162,698220,8295,14501,25927,212132
2393,7182,7701,870206,5212,3308,8745,58068
10230,2470,4602,87687,962,5107,13472,91640
6017,4331,11365,1575079,2880,9731,8774,16749440
27693,6689,16761556,1501841,3034,5537,26161,141798
1116,194,1895,16757355,325,862,1519,9138
24789,4457,1735,419081,2848,4656,6026,16757581
5867,5454,890,255035,4345,4726,3379,16748621
2083,976,4163,176397,1281,2588,1939,16759747
16765128,16877,6444,253625,11784,25629,16752444,119084
1191,962,2690,16774909,228,705,1276,3081
6998,4394,6356,8049,2392,3919,8229,6801
4032,3732,4213,142043,3057,3736,2180,22372
2561,3088,13109,10262,2134,4696,6693,5887
1426,997,6518,8789,1005,1624,3480,6649
24372,21667,16757321,449456,7236,19543,14395,42725
12156,4942,16760184,234037,9747,21108,7357,16754434
8932,1408,27431,157625,2331,4282,1701,19523
17598,8254,9181,1529176,3272,13710,25983,30921
2890,4600,1249,426058,1985,6835,2913,19704
16748100,8126,11261,16764826,14752,14646,5459,16776839
1237,3951,13883,222069,1981,5558,3822,12233
11875,20812,16745389,108223,10921,21432,16414,16755231
2128,3495,1568,34585,700,4358,3089,2645
1838,1309,6921,149620,1367,2442,8164,12323
6809,229,16164,70108,1146,2747,1227,16758817
2159,5908,5770,16750517,3263,8364,4021,16765450
24031,7475,20264,1727752,12010,16754161,16746185,99480
1073,2266,5035,16765151,1104,735,2850,29560
9303,5150,16800,203585,4455,9666,10521,74323
6532,3572,2615,4083,4615,4576,2435,13353
5581,2988,1809,5916,1522,3775,1680,3698
1331,940,4838,6860,2813,3462,3178,15998
1023,2690,4706,1743,1665,4747,1698,1466
9250,7566,19520,1004190,2758,15553,8438,15035
1625,858,4515,16763236,1197,951,1418,11050
3899,1590,710,38560,1069,3401,3028,28871
16756057,9523,16767177,1014586,13598,21951,25680,83587
30884,8836,12867,16764498,6296,13050,10745,16772987
1105,2015,5410,26084,3734,6467,9482,4920
23412,11482,16754521,458522,5017,18669,31937,16745022
1304,212,350,32172,178,392,1545,9014
93931,6350,11919,787239,6849,32343,16745918,218226
226095,16756855,15596,1620417,8970,39567,103011,467471
27686,3036,16763413,370858,3906,6494,12904,16757960
6628,2502,4269,146992,1011,1720,2300,12751
25981,17596,91181,1373035,25979,19649,93325,129421
3267,962,2875,198964,863,8999,3243,31404
5177,3763,7098,75645,4033,2930,2144,17390
27425,16753637,16770450,595453,24029,20761,11043,179397
15488,1936,5751,40537,1910,5716,8757,16769700
67634,81019,18521,1231420,14411,32164,17928,231407
446,887,7260,89138,966,884,5211,31206
18889,10056,16775878,658690,10278,24409,22967,77317
66261,16742,16758762,285532,28766,16747380,16251,332979
14206,16738,8372,248044,11100,23091,13222,16775317
6709,1400,6362,134559,2062,2235,5016,8312
5954,3126,14572,169339,2138,7400,5776,16756516
12741,13234,15881,699655,11567,15263,3583,61042
7811,4426,6685,5121,2861,6014,4726,4053
3449,16224,18662,143421,25438,21008,11559,32528
31367,16755152,16748575,626120,24943,32213,14599,461112
17261,10013,16145,1241746,3316,19557,10996,16772774
16745860,13779,68567,62120,15474,18421,7716,106586
3455,1502,3583,239626,955,3086,3154,22347
6639,19791,16745100,106610,5788,11586,10709,16746036
21775,5045,69231,280995,3282,8263,20382,16746086
10913,7161,17407,1098123,5420,10921,5226,16754931
2900,8059,5738,1065705,3144,6748,11108,16773146
30936,11265,25379,1980496,11700,10636,16758407,44585
22949,14857,13716,747302,4856,14908,80404,50169
25330,1495,14333,790916,3758,10409,17413,136483
29650,27016,71438,2462367,9635,72975,32140,161259
15103,4877,13449,16771658,6429,10042,15281,12605
2116,1942,1304,129818,1459,1979,6584,16758458
66040,5065,6882,223611,4745,10832,17610,39527
14423,26446,16761427,316757,8798,21406,13269,90175
17081,14249,8000,65173,7753,21267,23703,16746783
16755585,5410,15938,1441609,4199,18332,14956,40600
19069,4515,16757857,483860,3612,11995,25488,222352
2156,2970,4303,29053,2166,7019,7146,11177
5822,14687,16753196,1032279,9515,11258,16748133,163618
3499,2448,3123,42871,1779,3223,3085,16751242
1101,2044,3298,30643,2330,4511,2317,7840
15840,3938,16759672,2728863,11253,11078,18228,16752488
6036,1393,1275,804472,514,2604,1014,34906
6530,8476,32032,894240,3218,18043,15749,94888
5700,3018,25740,67514,4311,14576,18064,23569
2480,2762,2880,10912,1526,2481,2142,4747
9784,6469,8659,27663,7233,11750,2051,24459
250,943,1873,942543,1790,2418,4621,31730
2842,1230,4466,45110,878,2284,2055,20336
6094,5592,2776,22706,7742,7842,9071,12767
4467,2031,3071,16315,3168,5575,7331,10123
1777,2573,3066,5007,2348,4487,3564,13600
1377,1892,5213,10454,1479,1857,1689,4403
11716,13903,5988,16746468,8156,31881,14688,23841
17320,16037,12614,709291,19891,25013,16746511,17294
1002,374,579,23884,258,1539,1732,2555
16748189,5733,12936,782449,2945,8955,18092,68561
6011,15694,18821,24720,5254,12476,14460,18764
5830,8228,4113,92610,4046,11846,7077,16748939
1261,1402,13701,5674,2917,1975,5513,7987
3455,2093,647,9993,1615,4978,2795,3938
1355,2113,1204,1609,1299,2393,1006,2573
3473,1250,2373,12534,1590,1107,1561,11555
1973,1495,1249,735,592,2584,1193,2838
1632,802,2059,19812,363,2602,1429,3661
2184,858,12279,4073,1402,3367,3742,8200
4707,5098,10493,553290,3876,8939,5789,16750789
2358,2227,1545,6855,1471,10553,3922,5509
3184,2397,920,5688,1374,3141,1210,3469
1892,6610,11904,17552,4396,10439,5733,24379
1371,501,10442,10331,1279,4155,2618,1460
3482,4838,150,5610,1331,1448,2012,5725
6042,11344,5727,77280,6067,12022,9341,16755955
0,0,0,0,0,0,0,0
0,0,0,0,0,0,0,0
93443,20731,161797,1606983,22813,16746654,32472,403302
1259,1133,2595,149391,1261,6049,3437,6677
1056,1515,7329,29622,773,4971,2495,11377
6950,12743,18140,83136,5307,17857,19430,75094
4690,6313,13519,127032,4575,16746575,17718,16762635
20859,24487,12299,665685,14576,16757608,16749742,36058
17662,10846,8350,502130,6272,23282,30035,49049
17932,8993,4711,837860,3731,16211,23166,72260
8717,19036,16773977,1700195,6351,19850,16746561,201789
11361,10362,24909,395845,3326,5404,2599,123837
16760423,10274,19031,292852,12554,16751686,16761246,93800
15376,16868,13054,1277996,6390,22150,32562,168197
14139,4148,18078,2102120,2653,6810,16576,75067
2275,772,302,16755363,602,986,440,2208
7767,9363,16748471,566576,10319,26068,18585,16773810
1622,676,4578,342078,2108,2694,2585,10952
27684,28582,25650,1251223,13380,16745381,17530,28198
7184,7201,219,16748494,963,4100,5461,8529
7596,9548,11849,127616,3596,22888,16988,78706
38913,16747096,60786,266135,16749156,16752517,31281,131439
89739,16763904,32979,1129422,25067,16748438,16753300,16771129
16747385,6862,88582,970026,15726,15255,22063,106651
82754,24126,16763000,612686,16772146,16751812,16756285,64723
11068,25022,91020,376471,16629,15232,15381,403180
26436,8670,8750,785597,9968,13621,12315,16766189
2357,4135,22646,277868,3694,3686,4349,85358
79075,23249,16745685,1987016,5022,18769,14673,276266
32094,30680,26283,507583,23721,22706,11673,614682
2853,16745553,12347,155900,12723,16756436,11606,32153
8272,4967,4174,16746064,3056,6635,2806,9149
6217,5040,25765,96983,1699,9124,10591,30668
16750756,25008,23167,887008,15721,16746987,25474,69770
1347,1834,6947,10424,4596,6426,2380,13115
1256,4497,1578,4991,1240,4406,898,2596
19521,6607,16753060,1323498,6974,28158,25887,83438
277,167,175,246551,264,232,634,2024
7817,7656,6195,121203,10568,16780,3509,67576
1114,2139,1099,9525,3097,7752,1824,4308
3453,2146,4580,5827,2037,4944,797,7388
10192,10746,16038,78216,10992,10834,4423,16772785
1892,6001,3589,4290,1740,3440,3049,13879
4608,3861,3428,28822,3794,5739,3943,14065
211,1749,1953,13583,1845,5599,1606,5844
390,1717,733,2299,772,4222,3641,2000
6085,2547,2673,1667,2343,3847,2110,3514
456,454,729,1484,1246,691,745,4528
2234,1888,4098,4177,1501,2248,2340,4952
1889,967,4587,1058,476,1823,3150,4001
2111,1325,3842,16771084,1483,2414,2059,8336
3185,569,2938,4338,574,2199,501,11385
1594,424,85,8721,1040,2508,697,3991
10321,16663,24824,482147,11648,30002,3176,169630
9894,13126,16755594,453495,18912,27711,16028,97092
19163,77422,56187,1496739,27318,45289,18012,346267
57538,16774041,49940,892074,16763921,29515,16746414,255840
937,4152,7297,141634,2563,8194,6171,20206
6251,4500,16228,298391,2022,2070,1860,12874
8035,5598,3782,534533,2567,8579,2351,80503
9661,8741,22654,30513,10897,19378,11726,7406
13563,3594,8652,177103,7704,4764,2406,15375
20176,5581,3134,284203,5756,21924,9273,111530
5653,16759856,14728,325173,13135,29294,16668,16766044
8288,17645,20456,239859,3703,4692,12370,89090
2507,7289,1940,16764049,1696,2825,4806,9264
4472,1588,670,8016,2821,1405,2725,4698
3942,10371,8164,13244,8427,11151,12375,16259
7164,10450,4270,67398,7215,8047,11010,19325
591,883,5441,16770281,1408,1089,2239,16751395
1879,1237,1195,12336,295,2519,1820,1893
1059,2811,1982,47173,2185,3817,4382,15889
3255,3232,2334,2759,2344,5300,2503,1331
14037,17277,10161,1272664,9976,28174,21321,52197
9023,7147,20905,507400,9195,12112,12242,16749544
16753728,16749548,16766592,635288,16757263,14513,13015,146480
16185,5849,16756882,356131,3877,10340,23132,8561
1738,1455,6023,16746030,1598,5645,6067,16757621
1517,1252,6131,16027,724,3074,3449,20757
2103,2103,11303,135360,1891,4928,4596,21893
10747,15777,21830,1192118,10478,13369,5898,142928
4601,1933,4184,137838,1279,2025,696,6086
16746562,94210,92530,1638278,27478,16771204,16759102,68790
16751839,16750094,72459,682488,20954,95828,17685,307510
13540,15217,13451,1246269,5410,16043,4173,66381
16775599,9966,16751165,513408,4204,23999,16746347,70087
3258,144,2999,31100,384,1289,2515,4098
6201,10427,3729,909999,1669,9113,5147,120234
5704,1940,2211,115209,797,2838,718,15369
19467,10331,4851,1204139,4004,17442,3361,69705
16751079,16757,8799,1438568,12955,30100,49472,256172
18465,6463,19587,179673,9980,16696,5129,236868
5553,5247,16755213,259644,5589,21954,16750238,32117
3373,4220,8781,563227,7898,3131,8235,16763375
16754344,16751426,24823,1749095,16748887,28301,27201,75743
18294,16761080,36405,1554719,19660,16336,16758436,596426
88651,26322,94491,1205528,16749628,32074,16601,197558
3222,4176,5294,303820,5397,4239,3933,24413
3112,5522,775,162335,4539,4928,4014,16760911
5721,4653,9974,859074,4696,5068,8527,16744411
2273,2509,4192,241980,2626,2241,1975,16022
16773047,32090,7270,966155,21313,16748549,16767291,189129
18294,10859,10711,244212,5112,6381,6865,65446
8393,29845,16763658,1040464,28473,23362,10467,182412
21539,16751117,6473,998730,23106,15215,11191,80033
2264,5213,2152,12019,3682,4657,1681,26306
12099,2089,2809,16760228,2169,1692,2463,72884
4414,2805,418,146179,905,494,584,17175
2039,709,859,200595,1690,966,428,5696
21642,28240,69579,384437,22606,16116,23918,225868
2648,4578,694,35637,2444,3139,3541,20539
16747555,11481,15680,692015,5034,12616,19988,16764324
16765274,12669,16749856,730736,8045,11401,12036,202506
19049,15671,29593,573458,19981,18363,12437,76949
11534,13858,3235,1157720,7602,19786,19705,219903
16117,9225,22746,192071,20131,10081,32108,56540
5926,13196,7559,736413,5708,6743,10224,175338
3843,3906,8694,253352,7289,5501,3460,16769313
16761064,16776593,16746361,1682873,26133,29442,20112,134525
3542,673,392,74467,232,1440,1984,16752382
9837,4619,16759040,832525,11797,6052,16640,321504
7047,15880,27766,1254826,8434,23664,8641,89173
897,1771,3086,87866,766,4717,1996,18468
7997,21861,17629,759629,11241,29972,7200,92430
1881,3923,4612,157708,2299,2656,1934,17738
14434,2369,2255,192824,3326,4093,5970,70392
4145,4629,10856,71626,4581,5556,2904,5007
2650,3180,3143,7401,1443,3296,1522,8422
5694,8980,6221,16749097,5076,10396,12354,28704
1582,3208,1993,3118,522,3237,1607,5539
2831,3288,1233,2213,846,2918,4155,4920
1963,7357,7315,69306,6915,10162,6692,16774994
4801,7307,8651,901656,4642,5481,8767,128765
4419,1634,8569,16765133,973,3119,2679,11228
14820,7837,7092,185872,6935,7481,5317,51177
5723,3501,4073,16760345,6139,7366,6268,64694
5289,4837,1183,12771,1604,5580,8340,10570
64385,31987,16760798,1109699,16762118,16746285,16744532,185411
29901,25885,29652,35996,10288,16506,17714,24291
8303,9624,11954,95982,8891,6374,3100,69143
13634,15314,9451,118223,21707,21063,8451,31573
2540,2191,2563,16774685,592,2725,6415,3369
3251,2717,9026,20758,933,2128,4304,16931
7674,19825,16599,16752169,18602,22253,13705,27790
18903,3680,2350,121896,1328,6150,2063,8213
16894,10079,24727,49394,12013,30270,15628,17777
1675,3585,2596,36875,1092,2677,3967,16846
5691,3127,1466,493303,2215,7931,3673,16750221
3912,2368,7652,32559,5804,6832,6063,10710
2033,3534,4693,28688,1759,2713,3940,4670
6599,7888,26582,151366,8867,12024,16754626,16745104
1984,1650,3080,8687,652,1760,3799,12184
702,1418,6610,14396,1578,3257,1918,19349
23272,11191,11946,418500,5648,14361,7875,40237
2298,1253,393,349433,664,3975,7777,23329
7273,689,4269,125689,742,3505,5077,11733
20153,7240,3401,203412,7033,10282,9867,66688
5507,2161,4533,32218,3628,4239,6011,16773998
82787,7655,76057,235016,9180,13781,16750423,32516
15001,3806,11919,14451,1293,2721,4886,28335
592,3014,14352,29430,1292,5281,3037,79162
5929,1419,3740,10446,1718,1780,1806,20113
2988,696,7271,16746086,1195,2377,2816,24438
3095,2816,6392,23538,1761,4200,6481,11133
2341,1845,4054,4200,1600,3221,1982,15204
3881,2562,906,151511,932,2457,4742,21561
6346,1190,6382,20507,1906,5149,4920,7371
1991,734,8018,14587,2092,3425,6602,12618
27080,13369,83643,137170,17379,16791,16748118,87613
2356,385,3044,16744795,605,2320,542,12411
17024,15137,20415,580572,5531,12561,13384,347107
832,5321,1179,16759166,1328,2405,1339,21383
30975,6714,27992,140707,10858,12958,23445,35490
20139,8874,70276,283391,11388,14743,8871,55476
10413,4323,23940,288163,5578,3920,4538,29148
709,1630,1372,252222,1147,972,2896,12979
17681,10115,20273,571416,5831,7892,16782,272995
6929,8781,5611,794001,3169,3555,18052,11032
6958,12300,6570,16601,19421,8232,14829,22084
4650,19854,13011,606083,18458,24262,16855,76484
16755461,29205,7622,1041271,13873,26203,19509,16773322
20772,16745750,72573,1417922,21192,16759545,19658,52415
23021,16750828,16766290,1690077,16765272,16763937,16751818,381530
7545,2391,828,309577,4756,4298,1968,24002
22154,14275,16759757,565882,11855,13106,26796,119150
4693,1849,2718,74456,1653,684,2124,14217
14434,4259,5245,231013,4698,4869,4664,16745727
247913,117552,16758765,1385674,51917,292825,150538,1303831
1188,1873,1258,208002,908,1213,697,7681
80743,20921,16773338,899955,23202,16749049,16750305,81533
16750486,13695,78187,1450496,20833,20097,31888,239717
1027,1448,674,16751133,1138,1277,2585,9864
1633,1178,5664,16776385,2860,910,5209,8858
6489,5685,3809,201563,1006,4156,2363,7076
119765,66729,60131,577326,37507,162213,20586,499008
19645,26822,12516,273154,23561,22298,29804,32282
14289,15304,7307,16745685,12134,16754038,16589,11117
4269,2473,11280,18946,1898,4359,3004,15895
16751043,26012,22528,463959,28814,26729,16750111,93791
3429,15863,4485,16750000,7392,6463,3310,13270
386,9315,1014,13267,3682,3793,4694,13426
20600,12236,3252,15914,8211,17645,15307,13440
7895,2423,2132,8825,2529,7151,2862,3514
26880,20612,23849,2454735,25382,15585,14388,142381
16757326,23942,72562,380330,28893,23305,6538,105968
30638,16745277,14559,502649,22752,22627,15599,56532
696,3480,7050,97623,2085,5302,11690,15490
28964,8051,30959,16761876,7616,14346,13045,27363
21538,27589,8774,242629,6187,10998,9291,16745180
980,3183,1491,16529,2459,3178,3285,8336
1219,1951,2008,6064,4567,3075,2011,8233
1268,2057,3778,11061,1027,4004,2420,7867
1786,5727,1685,73726,2428,2188,3550,16759183
3245,5049,4699,12534,1005,2847,3225,11658
3591,2823,4626,6709,1732,5015,3331,15105
1152,3965,516,16759584,1868,12051,11101,16746451
19713,18521,16744603,96363,13963,22328,31678,39741
7417,3781,4288,16748601,1074,1712,2524,15869
8321,2913,230,4428,2795,4233,4483,7563
68093,14460,65742,16751943,3647,15260,27181,23232
3948,5913,17635,851040,1791,7445,5062,23420
2582,1390,3023,4134,1325,5196,3814,14340
3104,2165,2186,2995,907,4200,1333,5356
1349,2721,2090,962,1572,1878,3071,19092
6292,1900,7791,3987,1179,1437,2944,3031
8796,2368,2309,20266,4418,3360,7785,20786
5680,5784,3465,5120,4103,1933,3726,7178
3341,1641,887,5749,2228,1693,5152,4160
2052,1425,1783,4906,1198,2262,2628,1436
1888,3100,4048,1949,1180,1241,2856,6380
1790,2841,2457,2803,2018,3106,4075,4628
1129,1688,7426,18458,1863,1183,1541,15135
4165,3905,1478,9520,1597,2474,1513,9698
15036,18334,12600,277888,7816,17558,9339,16769056
3089,1230,6604,16761587,4060,4210,8745,8225
5787,1819,19892,10032,2078,5916,1211,19950
15008,9725,16751594,2562156,8692,20752,14081,97492
2751,5127,1848,4965,3412,8719,4340,11950
498,2229,6953,16768974,1753,5099,1646,9282
14232,16759313,1613,551438,6080,29240,30601,16754958
26933,24524,13152,237072,16745212,32452,22924,21898
380,463,4923,19448,158,1132,891,5332
12481,2315,2660,1019843,1871,7073,2895,16745977
5945,6817,16769402,74431,5507,14571,24561,28119
16754396,29687,14083,391422,31076,25783,16745652,618779
92551,16756747,10285,1438119,16749511,52178,62452,694345
9836,15910,16754606,72247,13763,25376,6815,16758025
11129,2622,105,6385,6610,15089,2739,4670
2120,1811,1489,16553,1451,4630,2827,7158
2119,1819,2102,9389,1932,4004,2978,5982
7153,10383,24038,11042,3974,13486,3820,16749124
622,3119,3410,5908,2261,2120,2244,4423
868,5541,10956,5577,4255,8282,8526,2788
5456,1698,2533,6417,3260,6756,2022,3649
10635,5789,28729,16745282,13239,23711,10005,16767616
24778,16746054,11558,689955,16138,14756,18756,65690
7559,5053,12838,80382,7371,9906,14467,22337
1806,1901,1705,8559,1422,1231,1795,1704
1331,4568,2170,8038,1547,1375,3124,2882
16777137,3889,2075,7747,5807,3469,3540,2505
6355,21571,12212,259822,16773503,32223,13437,16761180
2638,1234,633,16754594,1812,3598,3565,5591
4713,3048,3359,2186,3709,2406,2268,6523
16760506,16769458,69661,1046524,18841,16773301,20847,134823
5574,458,2117,127987,620,1055,1603,13423
2648,1895,5276,16769069,1557,2587,4495,11072
14906,22005,18564,109650,15191,9813,15322,87555
2025,4151,12178,146001,4113,10142,5763,16752214
30399,9922,18157,781384,13474,16738,30070,60240
13543,16072,12542,994953,10612,16755100,9382,16766217
1543,2445,2338,563938,2062,4005,2290,19512
30773,15241,16751458,1211784,19698,32555,10456,107346
2095,3222,558,16764563,2047,5732,3207,22535
7678,6131,12338,16765911,7493,8547,14552,17024
2529,3190,14577,28561,2405,4485,3984,28004
6161,4445,9473,222830,3647,1827,1346,28467
2983,8130,3379,70707,5574,4413,4862,6703
19387,17338,16728,125192,9442,19091,6496,14147
2391,1745,1334,7227,3674,5042,8665,9187
7625,2667,15423,424372,2991,2923,6455,11142
9088,2873,10458,28389,1949,4103,1412,13507
6989,9484,1722,20562,7459,8927,25008,10498
3028,1742,2882,3020,762,3244,2947,4829
10066,1345,2051,3009,656,3282,1565,12631
10962,948,2949,3777,976,3425,2817,3573
6407,5364,3603,18707,2553,12804,26818,31305
2304,2943,1920,469090,1245,3010,7004,17025
841,954,4315,265100,620,1842,2484,22043
16744975,8653,16764133,668411,10662,11597,9979,38396
2477,3489,745,235324,1813,2500,2871,4675
7229,65732,16452,518703,16755629,16747014,16313,364361
671,3160,300,93420,1687,2029,2839,8786
1668,6102,3152,165103,1761,5335,13798,27062
2358,1991,10949,16747551,4650,4988,9901,19000
2171,6748,3318,17875,3709,4838,5255,2598
15466,11948,20425,376837,14908,26581,18371,16754461
6933,5410,1340,75387,3662,5388,5724,18452
3069,5169,2170,16748294,2141,2970,1907,16748162
396,3514,2269,4743,1856,4801,1590,9580
2012,3437,4755,23981,3705,5081,5477,10209
10939,11091,20865,16745507,8824,18293,9005,29659
13414,14939,16770830,822330,3137,13597,16802,224773
7158,4217,3036,185942,3970,4082,3992,16745382
5722,5673,18593,112122,9211,8079,9413,9817
2482,5232,10041,3664,2616,5803,2098,3560
6846,2416,1396,6418,3048,4888,2404,6927
729,5327,2640,5458,2384,2790,4616,5421
12255,11311,16414,672329,13412,15730,3610,69195
2574,4478,3275,80745,3397,3614,3394,16744761
22037,11371,24562,87003,4075,8162,10253,18855
3957,8394,21066,29131,5319,14070,11044,16767459
10668,15219,9995,154999,7324,8424,8715,16747444
6122,1008,5126,1193693,1987,4117,1659,16770281
1323,2342,2565,4368,2088,2466,2327,3060
1854,5729,6587,13421,6461,19060,17220,16758956
3449,698,2307,1404,625,2450,3010,9481
3090,6828,1061,16753745,2221,6157,10319,16764150
2947,5892,7207,29410,5350,6675,3102,81922
3126,3128,10622,523832,2256,3311,4926,16766011
3914,1976,8731,103445,485,2313,2849,15362
